event_id,cst_start_sec,cst_peak_sec,cst_end_sec,cst_peak_dy,cst_peak_frame,blade_in_start_sec,blade_in_end_sec,blade_in_peak_sec,blade_in_peak_motion,blade_in_threshold,blade_out_start_sec,blade_out_end_sec,blade_out_peak_sec,blade_out_peak_motion,blade_out_threshold,clip_start_sec,clip_end_sec,clip_duration_sec,blade_in_source,blade_out_source,sequence_score,cst_start_time,cst_peak_time,cst_end_time,clip_start_time,clip_end_time
1,457.06666666666666,457.53333333333336,457.53333333333336,-7.344894351718267,6863,457.0,457.06666666666666,457.06666666666666,0.0527582159624413,0.015,457.53333333333336,457.6,457.53333333333336,0.0277582159624413,0.018992077464788676,456.5,458.1,1.6000000000000227,blade,blade,1.0,00:07:37.067,00:07:37.533,00:07:37.533,00:07:36.500,00:07:38.100
2,459.2,459.2,459.73333333333335,-7.939698037398841,6888,457.9333333333333,458.1333333333333,458.06666666666666,0.0551056338028169,0.028198356807511725,,,,,0.015,457.4333333333333,462.73333333333335,5.300000000000068,blade,fallback,0.75,00:07:39.200,00:07:39.200,00:07:39.733,00:07:37.433,00:07:42.733
3,473.6666666666667,473.9333333333333,474.2,-4.886332745027062,7109,472.73333333333335,473.4666666666666,473.1333333333333,0.4227406103286385,0.12564553990610325,474.53333333333336,474.8666666666667,474.6666666666667,0.3492957746478873,0.1919160798122065,472.23333333333335,475.3666666666667,3.1333333333333258,blade,blade,1.0,00:07:53.667,00:07:53.933,00:07:54.200,00:07:52.233,00:07:55.367
4,638.5333333333333,639.0666666666667,639.0666666666667,-7.925163917423049,9586,638.4666666666667,638.5333333333333,638.5333333333333,0.0474471830985915,0.015,640.1333333333333,640.9333333333333,640.2666666666667,0.1229460093896713,0.07592429577464788,637.9666666666667,641.4333333333333,3.4666666666665833,blade,blade,1.0,00:10:38.533,00:10:39.067,00:10:39.067,00:10:37.967,00:10:41.433
5,640.2,640.2,640.7333333333333,-7.997041486997091,9603,639.4666666666667,640.2,639.5333333333333,0.079606807511737,0.04865757042253515,640.7333333333333,640.9333333333333,640.9333333333333,0.1097711267605633,0.015,638.9666666666667,641.4333333333333,2.4666666666665833,blade,blade,1.0,00:10:40.200,00:10:40.200,00:10:40.733,00:10:38.967,00:10:41.433
6,655.1333333333333,655.4,655.7333333333333,-5.040734442183577,9831,654.2,654.9333333333333,654.6,0.4326584507042254,0.16522887323943658,656.1333333333333,656.3333333333334,656.2,0.3157863849765258,0.2629548122065728,653.7,656.8333333333334,3.1333333333333258,blade,blade,1.0,00:10:55.133,00:10:55.400,00:10:55.733,00:10:53.700,00:10:56.833
7,741.2666666666667,741.7333333333333,741.7333333333333,-6.882273024674589,11126,,,,,0.015,742.6666666666666,743.5333333333333,743.0666666666667,0.140669014084507,0.07299735915492953,738.2666666666667,744.0333333333333,5.7666666666666515,fallback,blade,0.75,00:12:21.267,00:12:21.733,00:12:21.733,00:12:18.267,00:12:24.033
8,743.0,743.0,743.5333333333333,-7.856431430736336,11145,742.2666666666667,743.0,743.0,0.1177230046948356,0.044226819248826196,743.5333333333333,743.6,743.5333333333333,0.0839201877934272,0.015,741.7666666666667,744.1,2.3333333333333712,blade,blade,1.0,00:12:23.000,00:12:23.000,00:12:23.533,00:12:21.767,00:12:24.100
9,757.8666666666667,758.2,758.4,-5.078078250177782,11373,756.9333333333333,757.6666666666666,757.3333333333334,0.3542253521126761,0.18226232394366193,758.8666666666667,759.0666666666667,758.8666666666667,0.3151995305164319,0.2650454812206573,756.4333333333333,759.5666666666667,3.1333333333334394,blade,blade,1.0,00:12:37.867,00:12:38.200,00:12:38.400,00:12:36.433,00:12:39.567
10,836.0,836.4666666666667,836.4666666666667,-7.19389205713162,12547,835.9333333333333,836.0,836.0,0.0423415492957746,0.015,837.3333333333334,837.5333333333333,837.4,0.1032570422535211,0.07680457746478869,835.4333333333333,838.0333333333333,2.6000000000000227,blade,blade,1.0,00:13:56.000,00:13:56.467,00:13:56.467,00:13:55.433,00:13:58.033
11,837.7333333333333,837.7333333333333,838.2666666666667,-7.452510508205023,12566,836.9333333333333,837.7333333333333,837.7333333333333,0.1189847417840375,0.05441607981220652,838.2666666666667,838.3333333333334,838.2666666666667,0.061150234741784,0.015,836.4333333333333,838.8333333333334,2.400000000000091,blade,blade,1.0,00:13:57.733,00:13:57.733,00:13:58.267,00:13:56.433,00:13:58.833
12,852.6,852.8666666666667,853.1333333333333,-4.965312092952217,12793,851.6,852.3333333333334,852.0,0.3631748826291079,0.17819102112676055,853.5333333333333,853.8,853.6666666666666,0.3261150234741784,0.2733274647887324,851.1,854.3,3.199999999999932,blade,blade,1.0,00:14:12.600,00:14:12.867,00:14:13.133,00:14:11.100,00:14:14.300
13,1109.2666666666669,1109.7333333333331,1109.7333333333331,-7.837062866888687,16646,1109.2,1109.2666666666669,1109.2666666666669,0.0360622065727699,0.015,1110.6666666666667,1111.4666666666667,1111.0,0.1654342723004694,0.0893999413145539,1108.7,1111.9666666666667,3.2666666666666515,blade,blade,1.0,00:18:29.267,00:18:29.733,00:18:29.733,00:18:28.700,00:18:31.967
14,1111.0,1111.0,1111.4,-7.085109016032732,16665,1110.2,1111.0,1111.0,0.1654342723004694,0.05318368544600932,1111.4,1111.5333333333333,1111.4,0.1028169014084507,0.015,1109.7,1112.0333333333333,2.3333333333332575,blade,blade,1.0,00:18:31.000,00:18:31.000,00:18:31.400,00:18:29.700,00:18:32.033
15,1125.9333333333334,1126.2,1126.4666666666667,-4.998400684529486,16893,1124.9333333333334,1125.6666666666667,1125.3333333333333,0.3554284037558685,0.17957012910798123,1126.9333333333334,1127.1333333333334,1127.0,0.3310152582159624,0.2771640258215962,1124.4333333333334,1127.6333333333334,3.2000000000000455,blade,blade,1.0,00:18:45.933,00:18:46.200,00:18:46.467,00:18:44.433,00:18:47.633
16,1212.2666666666669,1212.7333333333331,1212.7333333333331,-7.559400793508701,18191,1212.2,1212.2666666666669,1212.2666666666669,0.0402288732394366,0.015,1213.7333333333331,1214.4666666666667,1214.0,0.1595070422535211,0.0828931924882629,1211.7,1214.9666666666667,3.2666666666666515,blade,blade,1.0,00:20:12.267,00:20:12.733,00:20:12.733,00:20:11.700,00:20:14.967
17,1214.0,1214.0,1214.4666666666667,-7.434729817597429,18210,1213.2,1214.0,1214.0,0.1595070422535211,0.0440140845070422,1214.4666666666667,1214.5333333333333,1214.4666666666667,0.1,0.015,1212.7,1215.0333333333333,2.3333333333332575,blade,blade,1.0,00:20:14.000,00:20:14.000,00:20:14.467,00:20:12.700,00:20:15.033
18,1228.8666666666666,1229.1333333333334,1229.4,-4.87535402604334,18437,1227.8666666666666,1228.6,1228.3333333333333,0.378843896713615,0.179056631455399,1229.8666666666666,1230.0666666666666,1229.8666666666666,0.3456279342723005,0.2797021713615023,1227.3666666666666,1230.5666666666666,3.2000000000000455,blade,blade,1.0,00:20:28.867,00:20:29.133,00:20:29.400,00:20:27.367,00:20:30.567
19,1310.0,1310.5333333333333,1310.5333333333333,-7.875308905539214,19658,,,,,0.015,1311.6,1312.2666666666669,1311.8,0.1611795774647887,0.07912265258215954,1307.0,1312.7666666666669,5.766666666666879,fallback,blade,0.75,00:21:50.000,00:21:50.533,00:21:50.533,00:21:47.000,00:21:52.767
20,1311.7333333333331,1311.7333333333331,1312.2,-7.792380906626988,19676,1310.9333333333334,1311.7333333333331,1311.7333333333331,0.1446889671361502,0.0441828051643192,1312.2,1312.3333333333333,1312.2,0.1011150234741784,0.015,1310.4333333333334,1312.8333333333333,2.3999999999998636,blade,blade,1.0,00:21:51.733,00:21:51.733,00:21:52.200,00:21:50.433,00:21:52.833
21,1326.7333333333331,1327.0666666666666,1327.2666666666669,-4.949274420473046,19906,1325.7333333333331,1326.4666666666667,1326.2,0.3946596244131455,0.1859888497652582,1327.8,1328.0,1327.8666666666666,0.3171948356807512,0.2964568661971831,1325.2333333333331,1328.5,3.266666666666879,blade,blade,1.0,00:22:06.733,00:22:07.067,00:22:07.267,00:22:05.233,00:22:08.500
22,1580.5333333333333,1581.0,1581.0,-7.332729249876877,23715,,,,,0.015,1582.0,1582.7333333333331,1582.3333333333333,0.1627347417840375,0.0798488849765258,1577.5333333333333,1583.2333333333331,5.699999999999818,fallback,blade,0.75,00:26:20.533,00:26:21.000,00:26:21.000,00:26:17.533,00:26:23.233
23,1582.2666666666669,1582.2666666666669,1582.7333333333331,-7.50541940506406,23734,1581.4666666666667,1582.2666666666669,1582.2666666666669,0.1395246478873239,0.04325117370892012,1582.7333333333331,1582.8666666666666,1582.7333333333331,0.0918720657276995,0.015,1580.9666666666667,1583.3666666666666,2.3999999999998636,blade,blade,1.0,00:26:22.267,00:26:22.267,00:26:22.733,00:26:20.967,00:26:23.367
24,1597.2,1597.5333333333333,1597.7333333333331,-4.898309503459871,23963,1596.1333333333334,1596.8666666666666,1596.6,0.3500293427230047,0.1761223591549295,1598.2,1598.4,1598.2666666666669,0.3255575117370892,0.2922828638497652,1595.6333333333334,1598.9,3.2666666666666515,blade,blade,1.0,00:26:37.200,00:26:37.533,00:26:37.733,00:26:35.633,00:26:38.900
25,1690.8,1691.2666666666669,1691.2666666666669,-7.300607026475461,25369,,,,,0.015,1692.2666666666669,1693.0666666666666,1692.6,0.1825117370892018,0.08638497652582153,1687.8,1693.5666666666666,5.7666666666666515,fallback,blade,0.75,00:28:10.800,00:28:11.267,00:28:11.267,00:28:07.800,00:28:13.567
26,1692.5333333333333,1692.5333333333333,1693.0,-7.722595997052622,25388,1691.7333333333331,1692.5333333333333,1692.5333333333333,0.1508802816901408,0.042341549295774626,1693.0,1693.1333333333334,1693.0,0.0985035211267605,0.015,1691.2333333333331,1693.6333333333334,2.4000000000003183,blade,blade,1.0,00:28:12.533,00:28:12.533,00:28:13.000,00:28:11.233,00:28:13.633
27,1707.5333333333333,1707.8,1708.0666666666666,-4.97763951135704,25617,1706.6,1707.3333333333333,1707.0,0.3515845070422535,0.19223151408450703,1708.6,1708.7333333333331,1708.6,0.3318661971830985,0.31352699530516426,1706.1,1709.2333333333331,3.133333333333212,blade,blade,1.0,00:28:27.533,00:28:27.800,00:28:28.067,00:28:26.100,00:28:29.233
28,1776.2666666666669,1776.7333333333331,1776.7333333333331,-7.576088011002298,26651,1776.2,1776.2666666666669,1776.2666666666669,0.0356220657276995,0.015,1777.1333333333334,1777.8666666666666,1777.4666666666667,0.1923415492957746,0.10088028169014078,1775.7,1778.3666666666666,2.666666666666515,blade,blade,1.0,00:29:36.267,00:29:36.733,00:29:36.733,00:29:35.700,00:29:38.367
29,1777.4,1777.4,1777.8666666666666,-7.990293841348034,26661,1776.9333333333334,1777.4,1777.4,0.1783157276995305,0.02943075117370885,1777.8666666666666,1778.0,1777.8666666666666,0.1024061032863849,0.015,1776.4333333333334,1778.5,2.066666666666606,blade,blade,1.0,00:29:37.400,00:29:37.400,00:29:37.867,00:29:36.433,00:29:38.500
30,1792.8,1793.1333333333334,1793.3333333333333,-4.965558596062067,26897,1791.7333333333331,1792.4666666666667,1792.3333333333333,0.3515258215962441,0.1694762323943661,1793.8,1794.0,1793.8666666666666,0.3364143192488263,0.3003961267605634,1791.2333333333331,1794.5,3.266666666666879,blade,blade,1.0,00:29:52.800,00:29:53.133,00:29:53.333,00:29:51.233,00:29:54.500
31,2071.733333333333,2072.266666666667,2072.266666666667,-7.833768256685062,31084,,,,,0.015,2073.2,2074.0,2073.6,0.1882922535211267,0.08928990610328633,2068.733333333333,2074.5,5.766666666666879,fallback,blade,0.75,00:34:31.733,00:34:32.267,00:34:32.267,00:34:28.733,00:34:34.500
32,2073.5333333333333,2073.5333333333333,2073.9333333333334,-7.084228201247527,31103,2072.6666666666665,2073.5333333333333,2073.5333333333333,0.1660211267605633,0.04763057511737082,2073.9333333333334,2074.0666666666666,2073.9333333333334,0.103843896713615,0.015,2072.1666666666665,2074.5666666666666,2.400000000000091,blade,blade,1.0,00:34:33.533,00:34:33.533,00:34:33.933,00:34:32.167,00:34:34.567
33,2088.5333333333333,2088.866666666667,2089.0666666666666,-5.13910576054451,31333,2087.5333333333333,2088.266666666667,2087.9333333333334,0.3679284037558685,0.18549735915492957,2089.5333333333333,2089.733333333333,2089.6666666666665,0.3264671361502347,0.309756455399061,2087.0333333333333,2090.233333333333,3.199999999999818,blade,blade,1.0,00:34:48.533,00:34:48.867,00:34:49.067,00:34:47.033,00:34:50.233
34,2271.6,2272.133333333333,2272.133333333333,-7.983849230117755,34082,,,,,0.015,2273.133333333333,2273.8,2273.4666666666667,0.1797241784037558,0.085644072769953,2268.6,2274.3,5.700000000000273,fallback,blade,0.75,00:37:51.600,00:37:52.133,00:37:52.133,00:37:48.600,00:37:54.300
35,2273.333333333333,2273.333333333333,2273.866666666667,-7.897426493105513,34100,2272.5333333333333,2273.333333333333,2273.333333333333,0.1434859154929577,0.0448870305164319,2273.866666666667,2273.9333333333334,2273.866666666667,0.0843896713615023,0.015,2272.0333333333333,2274.4333333333334,2.400000000000091,blade,blade,1.0,00:37:53.333,00:37:53.333,00:37:53.867,00:37:52.033,00:37:54.433
36,2288.2,2288.5333333333333,2288.8,-5.029989741835436,34328,2287.266666666667,2288.0,2287.6666666666665,0.3362676056338028,0.17570422535211258,2289.266666666667,2289.4666666666667,2289.333333333333,0.3328051643192488,0.3017825704225352,2286.766666666667,2289.9666666666667,3.199999999999818,blade,blade,1.0,00:38:08.200,00:38:08.533,00:38:08.800,00:38:06.767,00:38:09.967
37,2440.866666666667,2441.4,2441.4,-7.965918619149136,36621,,,,,0.015,2441.733333333333,2442.4666666666667,2442.0666666666666,0.1830985915492957,0.09390404929577457,2437.866666666667,2442.9666666666667,5.099999999999909,fallback,blade,0.75,00:40:40.867,00:40:41.400,00:40:41.400,00:40:37.867,00:40:42.967
38,2442.0,2442.0,2442.5333333333333,-7.963610571075947,36630,2441.5333333333333,2442.0,2442.0,0.1693075117370892,0.03403022300469477,2442.5333333333333,2442.6,2442.5333333333333,0.0923415492957746,0.015,2441.0333333333333,2443.1,2.066666666666606,blade,blade,1.0,00:40:42.000,00:40:42.000,00:40:42.533,00:40:41.033,00:40:43.100
39,2457.5333333333333,2457.866666666667,2458.133333333333,-5.139679004260756,36868,2456.4666666666667,2457.2,2457.0,0.4013791079812207,0.1605413732394366,2458.6,2458.8,2458.6666666666665,0.3523474178403756,0.3211781103286384,2455.9666666666667,2459.3,3.333333333333485,blade,blade,1.0,00:40:57.533,00:40:57.867,00:40:58.133,00:40:55.967,00:40:59.300
40,2605.5333333333333,2606.0,2606.0,-7.582295406239154,39090,2605.4666666666667,2605.5333333333333,2605.5333333333333,0.0318368544600939,0.015,2606.333333333333,2607.0666666666666,2606.6,0.1952758215962441,0.08736062206572767,2604.9666666666667,2607.5666666666666,2.599999999999909,blade,blade,1.0,00:43:25.533,00:43:26.000,00:43:26.000,00:43:24.967,00:43:27.567
41,2606.6666666666665,2606.6666666666665,2607.2,-7.840972009845871,39100,2606.0666666666666,2606.6666666666665,2606.6,0.1952758215962441,0.0305237676056338,2607.2,2607.266666666667,2607.2,0.0712147887323943,0.015,2605.5666666666666,2607.766666666667,2.200000000000273,blade,blade,1.0,00:43:26.667,00:43:26.667,00:43:27.200,00:43:25.567,00:43:27.767
42,2622.0666666666666,2622.4,2622.6666666666665,-5.137201467960438,39336,2621.0666666666666,2621.866666666667,2621.733333333333,0.3807218309859155,0.1786531690140845,2623.0666666666666,2623.333333333333,2623.2,0.3335680751173709,0.3066901408450704,2620.5666666666666,2623.833333333333,3.266666666666424,blade,blade,1.0,00:43:42.067,00:43:42.400,00:43:42.667,00:43:40.567,00:43:43.833
43,2983.733333333333,2984.2,2984.2,-7.089640197775168,44763,,,,,0.015,2985.733333333333,2986.4666666666667,2986.0666666666666,0.1854460093896713,0.08747065727699527,2980.733333333333,2986.9666666666667,6.233333333333576,fallback,blade,0.75,00:49:43.733,00:49:44.200,00:49:44.200,00:49:40.733,00:49:46.967
44,2985.9333333333334,2985.9333333333334,2986.4,-7.916639205531169,44789,2985.5333333333333,2985.9333333333334,2985.9333333333334,0.1498532863849765,0.0522447183098591,2986.4,2986.5333333333333,2986.4,0.0987676056338028,0.015,2985.0333333333333,2987.0333333333333,2.0,blade,blade,1.0,00:49:45.933,00:49:45.933,00:49:46.400,00:49:45.033,00:49:47.033
45,3000.4,3000.6666666666665,3000.9333333333334,-5.026008416335003,45010,2999.4,3000.133333333333,2999.8,0.3336854460093896,0.17219776995305164,3001.4,3001.6,3001.4666666666667,0.3157276995305164,0.2843236502347417,2998.9,3002.1,3.199999999999818,blade,blade,1.0,00:50:00.400,00:50:00.667,00:50:00.933,00:49:58.900,00:50:02.100
46,3101.133333333333,3101.6666666666665,3101.6666666666665,-7.826645998318384,46525,,,,,0.015,3103.0666666666666,3103.866666666667,3103.4666666666667,0.1810152582159624,0.08758069248826288,3098.133333333333,3104.366666666667,6.233333333333576,fallback,blade,0.75,00:51:41.133,00:51:41.667,00:51:41.667,00:51:38.133,00:51:44.367
47,3103.333333333333,3103.333333333333,3103.866666666667,-7.64314900517013,46550,3102.866666666667,3103.333333333333,3103.333333333333,0.1505575117370892,0.041703345070422476,3103.866666666667,3103.9333333333334,3103.866666666667,0.0919894366197183,0.015,3102.366666666667,3104.4333333333334,2.066666666666606,blade,blade,1.0,00:51:43.333,00:51:43.333,00:51:43.867,00:51:42.367,00:51:44.433
48,3117.733333333333,3118.0,3118.266666666667,-4.918818909747927,46770,3116.733333333333,3117.4666666666667,3117.266666666667,0.3485622065727699,0.17635710093896706,3118.733333333333,3118.9333333333334,3118.8,0.3264964788732394,0.29752787558685445,3116.233333333333,3119.4333333333334,3.200000000000273,blade,blade,1.0,00:51:57.733,00:51:58.000,00:51:58.267,00:51:56.233,00:51:59.433
49,3198.733333333333,3199.2,3199.2,-6.971646264477897,47988,,,,,0.015,3200.733333333333,3201.4666666666667,3201.0666666666666,0.1853579812206572,0.08662705399061027,3195.733333333333,3201.9666666666667,6.233333333333576,fallback,blade,0.75,00:53:18.733,00:53:19.200,00:53:19.200,00:53:15.733,00:53:21.967
50,3200.9333333333334,3200.9333333333334,3201.4666666666667,-7.970176949898075,48014,3200.4,3200.9333333333334,3200.9333333333334,0.1432805164319248,0.04763057511737088,3201.4666666666667,3201.5333333333333,3201.4666666666667,0.0941607981220657,0.015,3199.9,3202.0333333333333,2.133333333333212,blade,blade,1.0,00:53:20.933,00:53:20.933,00:53:21.467,00:53:19.900,00:53:22.033
51,3215.4666666666667,3215.8,3216.0666666666666,-5.042518454493063,48237,3214.5333333333333,3215.266666666667,3214.866666666667,0.3352112676056338,0.18035504694835675,3216.5333333333333,3216.733333333333,3216.6,0.3389964788732394,0.2933171948356807,3214.0333333333333,3217.233333333333,3.199999999999818,blade,blade,1.0,00:53:35.467,00:53:35.800,00:53:36.067,00:53:34.033,00:53:37.233
52,3361.9333333333334,3362.4,3362.4,-6.962869360161733,50436,,,,,0.015,3363.9333333333334,3364.6666666666665,3364.2,0.1718603286384976,0.08175616197183097,3358.9333333333334,3365.1666666666665,6.233333333333121,fallback,blade,0.75,00:56:01.933,00:56:02.400,00:56:02.400,00:55:58.933,00:56:05.167
53,3364.2,3364.2,3364.6666666666665,-7.249982183500663,50463,3363.733333333333,3364.2,3364.2,0.1718603286384976,0.05003667840375585,3364.6666666666665,3364.733333333333,3364.6666666666665,0.0823356807511737,0.015,3363.233333333333,3365.233333333333,2.0,blade,blade,1.0,00:56:04.200,00:56:04.200,00:56:04.667,00:56:03.233,00:56:05.233
54,3378.6,3378.9333333333334,3379.133333333333,-5.002419575971885,50684,3377.5333333333333,3378.266666666667,3378.0,0.417018779342723,0.17648180751173706,3379.6,3379.866666666667,3379.733333333333,0.3314847417840376,0.303506455399061,3377.0333333333333,3380.366666666667,3.333333333333485,blade,blade,1.0,00:56:18.600,00:56:18.933,00:56:19.133,00:56:17.033,00:56:20.367
55,3478.8,3479.266666666667,3479.266666666667,-6.936879630290775,52189,,,,,0.015,3479.9333333333334,3480.0,3480.0,0.1473298122065727,0.0862602699530516,3475.8,3480.5,4.699999999999818,fallback,blade,0.75,00:57:58.800,00:57:59.267,00:57:59.267,00:57:55.800,00:58:00.500
56,3481.0,3481.0,3481.5333333333333,-7.982287289802855,52215,3480.6,3481.0,3481.0,0.1394659624413145,0.0551496478873239,3481.5333333333333,3481.6,3481.5333333333333,0.0915492957746478,0.015,3480.1,3482.1,2.0,blade,blade,1.0,00:58:01.000,00:58:01.000,00:58:01.533,00:58:00.100,00:58:02.100
57,3495.4666666666667,3495.733333333333,3496.0,-4.907470979521179,52436,3494.4666666666667,3495.2,3494.866666666667,0.3330105633802817,0.17452318075117365,3496.4666666666667,3496.6666666666665,3496.5333333333333,0.322593896713615,0.30093163145539903,3493.9666666666667,3497.1666666666665,3.199999999999818,blade,blade,1.0,00:58:15.467,00:58:15.733,00:58:16.000,00:58:13.967,00:58:17.167
58,3579.8,3580.333333333333,3580.333333333333,-7.869166390467853,53705,,,,,0.015,3581.9333333333334,3582.6,3582.2,0.2116490610328638,0.06297681924882627,3576.8,3583.1,6.299999999999727,fallback,blade,0.75,00:59:39.800,00:59:40.333,00:59:40.333,00:59:36.800,00:59:43.100
59,3582.0,3582.0,3582.4666666666667,-7.987506109789876,53730,3581.8,3582.0,3582.0,0.0962147887323943,0.029313380281690102,3582.4666666666667,3582.6,3582.5333333333333,0.1097417840375586,0.015,3581.3,3583.1,1.7999999999997272,blade,blade,1.0,00:59:42.000,00:59:42.000,00:59:42.467,00:59:41.300,00:59:43.100
60,3596.5333333333333,3596.8,3597.133333333333,-5.186258034879813,53952,3595.6,3596.333333333333,3596.0,0.3407570422535211,0.16475938967136144,3597.5333333333333,3597.8,3597.6,0.3338321596244131,0.28874706572769954,3595.1,3598.3,3.200000000000273,blade,blade,1.0,00:59:56.533,00:59:56.800,00:59:57.133,00:59:55.100,00:59:58.300
61,3730.133333333333,3730.6,3730.6,-6.9009025585103245,55959,,,,,0.015,3731.866666666667,3732.6,3732.6,0.2063967136150234,0.06726819248826288,3727.133333333333,3733.1,5.966666666666697,fallback,blade,0.75,01:02:10.133,01:02:10.600,01:02:10.600,01:02:07.133,01:02:13.100
62,3731.866666666667,3731.866666666667,3732.4,-7.928677579556904,55978,3731.8,3731.866666666667,3731.866666666667,0.091050469483568,0.024413145539906048,3732.4,3732.733333333333,3732.6,0.2063967136150234,0.015,3731.3,3733.233333333333,1.9333333333329392,blade,blade,1.0,01:02:11.867,01:02:11.867,01:02:12.400,01:02:11.300,01:02:13.233
63,3746.866666666667,3747.133333333333,3747.4,-5.134369547265919,56207,3745.933333333333,3746.6666666666665,3746.3333333333335,0.3281983568075117,0.155575117370892,3747.866666666667,3748.133333333333,3748.0,0.3313967136150235,0.3050176056338028,3745.433333333333,3748.633333333333,3.200000000000273,blade,blade,1.0,01:02:26.867,01:02:27.133,01:02:27.400,01:02:25.433,01:02:28.633
64,3855.4,3855.866666666667,3855.866666666667,-7.475018978950004,57838,3855.3333333333335,3855.4,3855.4,0.0345657276995305,0.015,3855.866666666667,3856.0666666666666,3855.866666666667,0.321919014084507,0.060776115023474124,3854.8333333333335,3856.5666666666666,1.7333333333331211,blade,blade,1.0,01:04:15.400,01:04:15.867,01:04:15.867,01:04:14.833,01:04:16.567
65,3857.133333333333,3857.133333333333,3857.6,-7.454459134306148,57857,3855.4666666666662,3856.0666666666666,3855.866666666667,0.321919014084507,0.058810152582159575,3857.6,3857.733333333333,3857.6,0.0597417840375586,0.015,3854.9666666666662,3858.233333333333,3.266666666666879,blade,blade,1.0,01:04:17.133,01:04:17.133,01:04:17.600,01:04:14.967,01:04:18.233
66,3872.0,3872.266666666667,3872.533333333333,-5.054619923078633,58084,3871.0,3871.733333333333,3871.4666666666662,0.3862089201877934,0.15197329812206573,3873.0,3873.2,3873.0,0.3182805164319249,0.2733274647887324,3870.5,3873.7,3.199999999999818,blade,blade,1.0,01:04:32.000,01:04:32.267,01:04:32.533,01:04:30.500,01:04:33.700
67,3994.6,3995.133333333333,3995.133333333333,-7.820392046756808,59927,,,,,0.015,3995.133333333333,3995.733333333333,3995.3333333333335,0.2973591549295775,0.1072916666666666,3991.6,3996.233333333333,4.633333333333212,fallback,blade,0.75,01:06:34.600,01:06:35.133,01:06:35.133,01:06:31.600,01:06:36.233
68,3996.0,3996.0,3996.4666666666662,-7.604113786561413,59940,3994.933333333333,3995.6666666666665,3995.3333333333335,0.2973591549295775,0.11225792253521125,3996.4666666666662,3996.533333333333,3996.4666666666662,0.0617077464788732,0.015,3994.433333333333,3997.033333333333,2.599999999999909,blade,blade,1.0,01:06:36.000,01:06:36.000,01:06:36.467,01:06:34.433,01:06:37.033
69,4011.2,4011.4666666666662,4011.8,-5.106611208920185,60172,4010.266666666667,4011.0,4010.6666666666665,0.2899647887323943,0.11948356807511734,4012.0666666666666,4012.733333333333,4012.2,0.2394366197183098,0.07998092723004688,4009.766666666667,4013.233333333333,3.4666666666662422,blade,blade,1.0,01:06:51.200,01:06:51.467,01:06:51.800,01:06:49.767,01:06:53.233
70,4239.733333333334,4240.0,4240.266666666666,-5.086482899255429,63600,4238.733333333334,4239.466666666666,4239.2,0.2713321596244131,0.14669160798122066,4240.533333333334,4241.2,4240.866666666667,0.2348298122065727,0.10860475352112675,4238.233333333334,4241.7,3.4666666666662422,blade,blade,1.0,01:10:39.733,01:10:40.000,01:10:40.267,01:10:38.233,01:10:41.700
71,4346.333333333333,4346.6,4346.866666666667,-5.128338775744908,65199,4345.266666666666,4346.066666666667,4345.733333333334,0.2230340375586854,0.14593603286384976,4347.333333333333,4347.8,4347.6,0.2835974178403755,0.20247946009389667,4344.766666666666,4348.3,3.5333333333337578,blade,blade,1.0,01:12:26.333,01:12:26.600,01:12:26.867,01:12:24.767,01:12:28.300
