event_id,type,slot,gt_start_sec,gt_end_sec,gt_duration_sec,gt_start_time,gt_end_time,analysis_start_sec,analysis_end_sec,analysis_start_time,analysis_end_time,analysis_duration_sec,num_signal_frames,cst_dy_max,cst_dy_max_time,cst_dy_min,cst_dy_min_time,cst_dy_abs_peak,cst_dy_abs_peak_signed,cst_dy_abs_peak_time,cst_dy_abs_mean,cst_dy_abs_p90,cst_dy_abs_p95,cst_phase_response_mean,cst_phase_response_p50,blade1_motion_max,blade1_motion_p95,blade1_motion_mean,blade1_motion_peak_time,blade1_diff_max,blade1_diff_p95,blade1_radial_max,blade1_radial_max_time,blade1_radial_min,blade1_radial_min_time,blade1_radial_abs_max,blade1_radial_abs_p95,blade1_flow_x_abs_p95,blade1_flow_y_abs_p95,blade1_active_max,blade1_active_p95,blade1_magnitude_max,blade1_magnitude_p95,blade1_first_radial_max,blade1_first_radial_min,blade1_second_radial_max,blade1_second_radial_min,blade1_first_motion_max,blade1_second_motion_max,blade1_radial_max_to_cst_sec,blade1_cst_to_radial_min_sec,blade1_sequence_pos_cst_neg,blade2_motion_max,blade2_motion_p95,blade2_motion_mean,blade2_motion_peak_time,blade2_diff_max,blade2_diff_p95,blade2_radial_max,blade2_radial_max_time,blade2_radial_min,blade2_radial_min_time,blade2_radial_abs_max,blade2_radial_abs_p95,blade2_flow_x_abs_p95,blade2_flow_y_abs_p95,blade2_active_max,blade2_active_p95,blade2_magnitude_max,blade2_magnitude_p95,blade2_first_radial_max,blade2_first_radial_min,blade2_second_radial_max,blade2_second_radial_min,blade2_first_motion_max,blade2_second_motion_max,blade2_radial_max_to_cst_sec,blade2_cst_to_radial_min_sec,blade2_sequence_pos_cst_neg,blade3_motion_max,blade3_motion_p95,blade3_motion_mean,blade3_motion_peak_time,blade3_diff_max,blade3_diff_p95,blade3_radial_max,blade3_radial_max_time,blade3_radial_min,blade3_radial_min_time,blade3_radial_abs_max,blade3_radial_abs_p95,blade3_flow_x_abs_p95,blade3_flow_y_abs_p95,blade3_active_max,blade3_active_p95,blade3_magnitude_max,blade3_magnitude_p95,blade3_first_radial_max,blade3_first_radial_min,blade3_second_radial_max,blade3_second_radial_min,blade3_first_motion_max,blade3_second_motion_max,blade3_radial_max_to_cst_sec,blade3_cst_to_radial_min_sec,blade3_sequence_pos_cst_neg
type_1_slot02,type_1,2,225.0,230.0,5.0,00:03:45.000,00:03:50.000,224.5,230.5,00:03:44.500,00:03:50.500,6.0,90,7.816285008115869,230.06666666666663,0.4113274723969766,226.0,7.816285008115869,7.816285008115869,230.06666666666663,1.7316602475753131,5.631769935679996,6.096532427778088,0.9314081666533546,0.942159235221957,0.1874700239808153,0.14692296163069538,0.048633260058619746,227.4,10.349123201438848,8.385246178057551,5.109909741997447,226.33333333333331,-3.522895198702776,226.66666666666663,6.944225855072093,5.077533678428006,5.237313151359558,2.565200936794281,0.3781999400479616,0.3060375449640288,8.726408004760742,5.970521974563598,5.109909741997447,-3.522895198702776,0.5832282373067826,-2.036195126001278,0.1874700239808153,0.1758393285371702,3.73333333333332,-3.4000000000000057,0,0.3730927230046948,0.28379841549295765,0.09469450965049554,226.8,20.872593896713614,14.838425762910797,6.058581643268596,226.46666666666667,-3.4738069610945974,228.26666666666668,6.058581643268596,3.689081249150521,1.907294923067093,0.8866856276988981,0.7154049295774648,0.6929357394366197,6.282855987548828,4.453988814353942,6.058581643268596,-1.2582951517136869,0.6482369070191276,-3.4738069610945974,0.3730927230046948,0.3067488262910798,3.599999999999966,-1.7999999999999545,0,0.2998568702290076,0.20793018447837142,0.07168592733955326,226.8,15.62711513994911,9.334778944020355,3.3008316847539296,228.86666666666667,-7.98761655325775,226.33333333333331,8.378696463276277,5.774583854212422,4.940639281272887,2.1596544027328486,0.5413804071246819,0.5106599872773536,8.816934585571289,6.7899120330810545,1.122926850417033,-7.98761655325775,3.3008316847539296,-0.9353278142319252,0.2998568702290076,0.2316316793893129,1.1999999999999602,-3.73333333333332,0
type_1_slot03,type_1,3,320.0,325.0,5.0,00:05:20.000,00:05:25.000,319.5,325.5,00:05:19.500,00:05:25.500,6.0,90,6.010441194054067,323.46666666666664,0.4388676744938493,323.0,6.010441194054067,6.010441194054067,323.46666666666664,0.9804296628681249,3.049556518971097,4.608690000417391,0.9397122588179893,0.9572730467242959,0.1756145083932853,0.13678806954436448,0.034207966959765496,323.53333333333336,8.65435401678657,7.994701738609111,1.0382624994683438,320.93333333333334,-1.997565831794628,322.6666666666667,8.655758114216962,4.213580967960295,4.4324568748474125,1.3742137670516965,0.3763938848920863,0.31376910971223015,9.653051376342772,5.1834733247756954,1.0382624994683438,-1.2710654585357837,0.4080580384871649,-1.997565831794628,0.0236660671462829,0.1756145083932853,2.533333333333303,-0.7999999999999545,0,0.3884389671361502,0.2849369131455398,0.08657505216484086,322.8666666666667,18.983098591549297,14.312318075117366,5.623148621208019,322.53333333333336,-3.256826877201868,324.3333333333333,5.654313377170013,3.824279048321904,1.7909139096736906,0.7689699947834014,0.7495011737089202,0.6856910211267605,7.321935653686523,4.327315759658812,4.253497155305944,-1.1590229413397632,5.623148621208019,-3.256826877201868,0.1836854460093896,0.3884389671361502,0.9333333333332803,0.8666666666666742,1,0.3168734096692112,0.2087523854961831,0.05925272123268305,322.8666666666667,14.822169211195927,9.876853530534351,1.715353340599414,325.2,-8.426603771300652,321.6,8.426603771300652,4.8085062791017545,4.952057695388794,0.8301770955324171,0.5404262086513995,0.5007729007633588,9.33110809326172,5.514391350746154,0.5414847442599546,-8.426603771300652,1.715353340599414,-4.875285673394647,0.1217239185750636,0.3168734096692112,-1.7333333333333485,-1.8666666666666174,0
type_1_slot04,type_1,4,416.0,421.0,5.0,00:06:56.000,00:07:01.000,415.5,421.5,00:06:55.500,00:07:01.500,6.0,90,7.861434011663732,420.8666666666667,0.4788063895833829,419.6666666666667,7.861434011663732,7.861434011663732,420.8666666666667,1.77017383575702,5.5822404153464396,6.242546377009474,0.922360636198151,0.9313824719087576,0.1868180455635491,0.13424872601918458,0.04745028976818543,418.2,10.016082134292564,7.611839028776976,1.6035213893745182,417.06666666666666,-1.8335806426688503,417.4,8.200628413624594,4.387849904664184,3.8420386314392063,2.472827899456024,0.3761615707434053,0.31995016486810546,9.088567733764648,5.528870010375976,1.6035213893745182,-1.8335806426688503,0.6019166863650014,-1.4981993592243772,0.1868180455635491,0.1795263788968825,3.8000000000000114,-3.466666666666697,0,0.3897007042253521,0.27403609154929576,0.09083952790818982,417.6,20.05856807511737,14.463744131455394,6.070687023378139,417.26666666666665,-3.2004568312905617,419.06666666666666,6.070687023378139,3.6411783254933736,1.118265575170517,0.8710351675748823,0.7457453051643192,0.6793676643192489,6.286322116851807,4.014898180961608,6.070687023378139,-0.9911028563622312,0.5065856728526679,-3.2004568312905617,0.3897007042253521,0.3065434272300469,3.6000000000000227,-1.8000000000000114,0,0.3216284987277353,0.21013438295165388,0.06772087927622275,417.6,15.311545801526718,9.306596692111958,1.9123821489885569,419.8666666666667,-8.373523566782243,416.3333333333333,8.373523566782243,5.01814346523165,4.824987840652464,2.1101512551307677,0.5388517811704835,0.5115044529262086,8.906522750854492,5.624905896186828,1.0200017646847397,-8.373523566782243,1.9123821489885569,-0.7697870803213539,0.3216284987277353,0.239058524173028,1.0,-4.53333333333336,0
type_2_slot01,type_2,1,471.0,476.0,5.0,00:07:51.000,00:07:56.000,470.5,476.5,00:07:50.500,00:07:56.500,6.0,90,9.062681605958517,476.4666666666666,-4.886332745027062,473.9333333333333,9.062681605958517,9.062681605958517,476.4666666666666,1.4359569135171069,4.458523647669804,5.901616291186447,0.9520266084247686,0.9611635746708624,0.3505170863309352,0.22508205935251774,0.05329511390887288,473.0,19.69443195443645,9.572918165467623,2.4133300578554557,474.8666666666667,-0.4985638310009638,474.3333333333333,4.8472740564847845,3.9896226215821464,3.8448285102844237,1.8419712245464321,0.3716876498800959,0.3246065647482014,6.304654121398926,4.783991193771362,0.5814452963441911,-0.3889919021898925,2.4133300578554557,-0.4985638310009638,0.3505170863309352,0.1411570743405275,1.599999999999909,-2.133333333333269,0,0.4227406103286385,0.31321596244131444,0.1035312336984872,473.1333333333333,21.25824530516432,15.089408744131452,2.890231875005261,472.8666666666667,-4.220670905714934,474.9333333333333,4.220670905714934,3.534844256672407,0.8028837680816646,1.2151356160640714,0.8161384976525822,0.7748371478873238,4.399818420410156,4.004830133914947,2.890231875005261,-0.4695452135257817,0.7567562992647733,-4.220670905714934,0.4227406103286385,0.3492957746478873,3.599999999999909,-1.533333333333303,0,0.3107983460559796,0.2494290712468193,0.07286542267458294,473.0,17.715314885496184,12.140058047073792,5.558111609966072,475.06666666666666,-5.420831116460894,472.6666666666667,5.933685947116271,4.36951250529836,4.672055411338805,1.4371532261371611,0.6466125954198473,0.5275341921119593,7.452861309051514,5.049905538558959,0.268348410487103,-5.420831116460894,5.558111609966072,-0.3135226216708564,0.3107983460559796,0.2459128498727735,1.3999999999999204,-3.7999999999998977,0
type_2_slot02,type_2,2,651.0,657.0,6.0,00:10:51.000,00:10:57.000,650.5,657.5,00:10:50.500,00:10:57.500,7.0,105,4.242410428378662,657.4666666666667,-5.040734442183577,655.4,5.040734442183577,-5.040734442183577,655.4,0.864435545065382,2.3188483592320397,3.844875513142346,0.9468917471755722,0.9612521826473284,0.2252398081534772,0.1576933453237409,0.03620532145712,655.4,11.514755695443643,8.704078237410071,5.957786630394374,657.2,-1.6341682973035856,656.6,7.051441723554895,4.227994785201912,3.65614013671875,1.7045316696166992,0.4922661870503597,0.36896882494004785,8.28735065460205,5.102242469787596,0.6020797643519763,-0.3537186897886153,5.957786630394374,-1.6341682973035856,0.0002697841726618,0.2252398081534772,-1.8000000000000682,1.2000000000000455,0,0.4326584507042254,0.3109213615023474,0.0894058797227811,654.6,22.996038732394368,15.541913145539905,3.7655542698713775,654.5333333333333,-4.395945462693697,656.4,4.4518439561711,3.526240848304874,0.7656230449676513,1.079596471786499,0.8946009389671361,0.7270363849765258,4.719254493713379,3.8816628456115714,1.9498533280226933,-0.3768316103863615,3.7655542698713775,-4.395945462693697,0.0932805164319248,0.4326584507042254,0.8666666666666742,1.0,1,0.2634223918575064,0.23134541984732818,0.06188083121289226,654.6,13.87760814249364,11.732709923664121,6.55617211637522,656.6,-9.194881678998351,654.2,9.194881678998351,4.451460159826719,4.8849539756774885,1.5040972232818601,0.671055979643766,0.5470706106870228,9.595030784606934,5.819320487976072,0.4745657659144408,-1.8441749354905577,6.55617211637522,-9.194881678998351,0.0674459287531806,0.2634223918575064,-1.2000000000000455,-1.1999999999999318,0
type_1_slot05,type_1,5,700.0,705.0,5.0,00:11:40.000,00:11:45.000,699.5,705.5,00:11:39.500,00:11:45.500,6.0,90,7.672038245759552,704.4,0.4619168609887651,701.2,7.672038245759552,7.672038245759552,704.4,1.7719398239332602,5.453048552672147,6.01783101716124,0.9130071315326352,0.9244297080711081,0.2338654076738609,0.1773175209832134,0.05519775845989872,702.5333333333333,11.335056954436451,9.215929631294966,0.5593772548448548,700.6666666666666,-6.731443963512221,700.9333333333333,6.78267400222503,3.6160906800995405,3.7834945201873764,1.8826609134674075,0.4250674460431655,0.3483779226618704,7.889980792999268,4.846426105499266,0.5593772548448548,-6.731443963512221,0.4529703309012972,-1.1002151476308826,0.2270308752997601,0.2338654076738609,3.7333333333333485,-3.466666666666697,0,0.4003521126760563,0.30768779342723,0.1026405190401669,701.1333333333333,17.319600938967135,15.489077171361501,5.678380284489098,700.8,-3.2989487902526955,702.8,5.678380284489098,3.6478159156441134,1.3900914728641502,0.9160045772790908,0.7545481220657277,0.7109389671361501,5.959641933441162,4.200827813148498,5.678380284489098,-1.9310250357459275,1.052709846048498,-3.2989487902526955,0.4003521126760563,0.304137323943662,3.6000000000000227,-1.6000000000000227,0,0.3373727735368956,0.24695769720101776,0.08348547497879556,701.1333333333333,14.618702290076335,11.266052798982189,1.8445400119476212,703.0666666666667,-7.744208880626166,699.8666666666667,7.744208880626166,4.410945422718919,4.532077908515929,1.7673122048377985,0.5874363867684478,0.5526765267175572,8.200555801391602,5.6018058776855435,1.0443153020601694,-7.744208880626166,1.8445400119476212,-0.662127126171786,0.3373727735368956,0.259764631043257,1.3333333333332575,-4.533333333333303,0
type_2_slot03,type_2,3,752.0,760.0,8.0,00:12:32.000,00:12:40.000,751.5,760.5,00:12:31.500,00:12:40.500,9.0,135,6.953353029377979,760.4666666666667,-5.078078250177782,758.2,6.953353029377979,6.953353029377979,760.4666666666667,0.9295277440858484,2.7459964042457514,4.054002838825028,0.9446777714403751,0.9586418772002796,0.2244304556354916,0.15947242206235007,0.0360730859756639,758.1333333333333,11.969109712230216,8.661450839328538,4.595502078467622,759.0666666666667,-1.8941004506829155,752.6,4.8451413659426334,2.8242611906430493,2.2604693174362174,1.8494856715202324,0.5234187649880095,0.39827038369304557,5.584275245666504,3.785964965820312,2.490393728311011,-1.8941004506829155,4.595502078467622,-1.1737769151753463,0.0715452637889688,0.2244304556354916,1.3999999999999773,-7.866666666666674,0,0.3542253521126761,0.3037265258215962,0.089753955833768,757.3333333333334,18.75108568075117,14.509818075117371,3.4944725673765804,757.1333333333333,-4.0570709549768855,759.3333333333334,7.762327824038312,3.714503868231322,1.0001930594444275,1.3084879994392395,0.8954225352112676,0.7543016431924883,8.100208282470703,4.064838266372681,0.6094201797345556,-2.5692032387423205,3.4944725673765804,-4.0570709549768855,0.1959800469483568,0.3542253521126761,3.3333333333333712,-1.1333333333333258,0,0.2494115776081425,0.22321405852417298,0.06113632079917065,757.4,15.3952131043257,11.672398218829517,7.860359705322564,759.3333333333334,-7.543919578575327,752.7333333333333,8.241422015738689,4.656473447997767,4.041670846939087,1.7151112437248228,0.6744751908396946,0.5569799618320611,10.000691413879396,5.482288408279419,2.522227188067201,-7.543919578575327,7.860359705322564,-4.985009169553039,0.1973123409669211,0.2494115776081425,1.1333333333333258,-7.7333333333333485,0
type_1_slot06,type_1,6,795.0,800.0,5.0,00:13:15.000,00:13:20.000,794.5,800.5,00:13:14.500,00:13:20.500,6.0,90,7.804614282854857,799.6,0.4451290518360906,796.4,7.804614282854857,7.804614282854857,799.6,1.7893445515829347,5.343276324276299,6.17453564676833,0.908312819689841,0.918207396632065,0.2383318345323741,0.17400217326139078,0.056996402877697805,797.6666666666666,11.08814448441247,9.702375224820143,0.5567578183433578,795.8666666666667,-8.581003479106773,796.0666666666667,8.626131919414686,3.6823671463199763,3.745622408390045,1.8469996631145476,0.4272706834532374,0.33486473321342924,9.611408233642578,4.756907892227173,0.5567578183433578,-8.581003479106773,0.415557817524853,-0.824538562222294,0.1979091726618705,0.2383318345323741,3.7333333333333485,-3.533333333333303,0,0.4076291079812206,0.30836854460093893,0.10369946531038074,796.2666666666667,18.72611502347418,14.928236502347417,4.556181916057247,796.0666666666667,-3.3837601626113383,797.8666666666667,4.577137567510892,3.673032737762887,1.3126872718334197,0.8942172169685363,0.7542546948356808,0.7048591549295774,5.543741703033447,4.273178577423096,4.556181916057247,-1.0098203927047331,0.432962849636246,-3.3837601626113383,0.4076291079812206,0.3084213615023474,3.533333333333303,-1.7333333333333485,0,0.3295960559796437,0.2462531806615776,0.08539775940062196,796.2666666666667,15.696517175572518,11.075452449109415,1.400522136285645,796.4,-5.874510525673388,795.0666666666667,5.874510525673388,4.483129598007671,4.741629862785338,1.5909462332725521,0.5805661577608142,0.5663621183206107,6.290487289428711,5.26116578578949,1.400522136285645,-5.874510525673388,1.3069918450892963,-0.5251653128985201,0.3295960559796437,0.2704357506361323,3.2000000000000455,-4.533333333333303,0
type_2_slot04,type_2,4,847.0,854.0,7.0,00:14:07.000,00:14:14.000,846.5,854.5,00:14:06.500,00:14:14.500,8.0,120,0.558148548233703,854.0,-4.965312092952217,852.8666666666667,4.965312092952217,-4.965312092952217,852.8666666666667,0.746843546829253,0.5434308395753534,2.770027357283558,0.94282638063276,0.9584937336109303,0.2185026978417266,0.15725607014388485,0.03252978866906473,852.8666666666667,11.116299460431655,8.40539043764988,2.0581697896911084,846.6666666666666,-1.64649618024349,846.6,4.397385266148852,3.28075038275071,2.907067263126372,1.4031096041202542,0.5165392685851319,0.3499224370503597,5.488912582397461,4.57277283668518,2.0581697896911084,-1.64649618024349,0.6462201890381716,-0.5852866802347757,0.0891411870503597,0.2185026978417266,6.2000000000000455,-6.2666666666666515,0,0.3631748826291079,0.30264818075117367,0.08664710485133019,852.0,19.322857981220658,15.29674882629108,3.740185516358775,851.9333333333333,-7.733439411020356,846.6666666666666,11.17458535440457,3.6472339694133047,1.3073974847793561,0.961979880928993,0.8998826291079812,0.7377332746478873,11.56981086730957,4.199927449226379,0.423586188633878,-7.733439411020356,3.740185516358775,-4.057589105252469,0.1981220657276995,0.3631748826291079,0.933333333333394,-6.2000000000000455,0,0.2563613231552162,0.2178339694656488,0.061821458863443576,852.0666666666667,14.999586513994911,12.086222169211194,5.848959866282493,854.0666666666667,-8.274300357022941,847.4666666666667,8.274300357022941,4.546169635993714,4.881258869171142,1.2156422674655907,0.6693066157760814,0.5421151399491094,11.789066314697266,5.432348585128784,4.413758879182442,-8.274300357022941,5.848959866282493,-5.156753331604134,0.2013199745547073,0.2563613231552162,-1.2000000000000455,-5.399999999999977,0
type_1_slot07,type_1,7,858.0,862.0,4.0,00:14:18.000,00:14:22.000,857.5,862.5,00:14:17.500,00:14:22.500,5.0,75,6.252749799742105,860.0666666666667,0.4239065462621738,859.5333333333333,6.252749799742105,6.252749799742105,860.0666666666667,1.2520591665092327,4.153785426431924,4.86601986599029,0.9046602319010666,0.903952598138503,0.2387514988009592,0.1886848021582733,0.05904466426858509,860.0666666666667,12.02443045563549,9.75009217625899,0.5461657083490715,859.6666666666666,-5.622100036019863,859.2666666666667,5.824928514009938,3.513923663055793,2.851585865020752,1.5453975200653067,0.4483213429256594,0.39461480815347716,6.812570095062256,4.766292905807493,0.5461657083490715,-5.622100036019863,0.3211066419869495,-0.9431049173715268,0.1618330335731415,0.2387514988009592,0.40000000000009095,-0.8000000000000682,0,0.4050176056338028,0.33198063380281684,0.1228853677621283,859.4666666666667,17.192869718309858,15.976226525821597,5.331206655360778,859.1333333333333,-3.4696780845228568,861.1333333333333,5.331206655360778,3.5082875368767876,1.4022665381431578,0.9803422868251799,0.7649647887323944,0.722018779342723,6.613490104675293,4.282874584197997,5.331206655360778,-0.5365689520081026,0.4287911241483365,-3.4696780845228568,0.4050176056338028,0.3215962441314554,0.933333333333394,1.066666666666606,1,0.3477099236641221,0.26100667938931293,0.09863634435962677,859.4666666666667,14.751001908396946,12.706921119592877,1.7610388244952904,861.4666666666667,-3.079917300412488,859.0,4.731443314121318,3.9163050223541025,3.7253346204757687,0.947521847486496,0.6005884223918575,0.5950270356234096,6.494874000549316,4.986146879196167,1.370145539436372,-3.079917300412488,1.7610388244952904,-1.1173980079584809,0.3477099236641221,0.2694338422391857,-1.3999999999999773,-1.0666666666667197,0
type_2_slot05,type_2,5,1121.0,1128.0,7.0,00:18:41.000,00:18:48.000,1120.5,1128.5,00:18:40.500,00:18:48.500,8.0,120,5.963791195358567,1128.4666666666667,-4.998400684529486,1126.2,5.963791195358567,5.963791195358567,1128.4666666666667,0.9315710423419267,2.43578788728958,4.129297411086962,0.9333268886223939,0.9616304482542437,0.2251273980815347,0.16511128597122296,0.03793733762989606,1126.2,11.44507643884892,8.830398681055156,2.173327309527181,1127.1333333333334,-0.697001380140306,1127.4,5.307111718469797,3.2425367068362503,2.15531573295593,1.9030262053012843,0.5211255995203837,0.39515774880095916,6.222422122955322,4.123853778839111,1.03315146736222,-0.6382583876711598,2.173327309527181,-0.697001380140306,0.0002098321342925,0.2251273980815347,1.3333333333332575,-1.066666666666606,0,0.3554284037558685,0.30498973004694835,0.09241074921752739,1125.3333333333333,18.131660798122063,15.453883509389671,3.768289098124611,1125.2666666666669,-4.049887629062859,1127.2,4.9764205065689255,3.7634606485942252,0.8677913427352898,1.2227983415126797,0.8945129107981221,0.7564421948356808,6.869652271270752,4.004523754119873,1.0591507501854522,-1.8108220139578337,3.768289098124611,-4.049887629062859,0.0881748826291079,0.3554284037558685,3.199999999999818,-1.2666666666666515,0,0.2511450381679389,0.22104007633587788,0.0625075540712468,1125.2,14.080041348600508,11.471880566157761,5.889644288569808,1127.3333333333333,-8.278087251583703,1120.6666666666667,8.278087251583703,4.471003275276342,4.369169092178341,1.5954066157340998,0.6799618320610687,0.5674610368956744,8.45633602142334,6.021428728103637,0.8544681882439642,-8.278087251583703,5.889644288569808,-5.571000509876339,0.0604166666666666,0.2511450381679389,1.1333333333334394,-7.7999999999999545,0
type_1_slot08,type_1,8,1171.0,1175.0,4.0,00:19:31.000,00:19:35.000,1170.5,1175.5,00:19:30.500,00:19:35.500,5.0,75,6.049505769305256,1173.4666666666667,0.3765975179858287,1174.8,6.049505769305256,6.049505769305256,1173.4666666666667,1.0675739714924422,3.7146219390464505,4.672734083348137,0.9119468079949524,0.915278630160108,0.2488684052757794,0.20057029376498792,0.056312350119904056,1173.4,11.884689748201438,9.99603267386091,0.6757511447505855,1172.3333333333333,-9.851274221869012,1172.6,9.868436998081824,4.069477150909833,3.4689273595809933,1.327051293849945,0.4552682853717026,0.37851468824940043,10.98550510406494,5.238998460769653,0.6757511447505855,-9.851274221869012,0.3351594682298875,-0.7972722884141468,0.1649580335731414,0.2488684052757794,1.1333333333334394,-0.8666666666667879,0,0.4110328638497653,0.32915199530516426,0.12342410015649449,1172.8,17.776584507042255,15.400941901408451,4.695140873762687,1172.5333333333333,-3.3730602585599825,1174.4666666666667,4.868737184475393,4.042552692371034,1.5197798967361447,0.9499520063400269,0.7600352112676056,0.7205663145539906,6.440665721893311,4.651220369338988,4.695140873762687,-1.7874088287353516,0.3976626752100747,-3.3730602585599825,0.4110328638497653,0.3143779342723005,0.933333333333394,1.0,1,0.3493638676844783,0.26855756997455466,0.09635665818490241,1172.8,15.598966284987275,12.666453562340967,1.587272738196294,1175.0666666666666,-6.513027335503367,1171.5333333333333,6.513027335503367,4.8741301906168655,5.3904399394989,1.033005094528198,0.6260655216284987,0.6038295165394402,6.644526481628418,6.239757299423217,1.3560723682469291,-6.513027335503367,1.587272738196294,-1.1177503549255854,0.3493638676844783,0.2859891857506361,-1.599999999999909,-1.933333333333394,0
type_2_slot06,type_2,6,1226.0,1231.0,5.0,00:20:26.000,00:20:31.000,1225.5,1231.5,00:20:25.500,00:20:31.500,6.0,90,6.94125909008244,1231.4666666666667,-4.87535402604334,1229.1333333333334,6.94125909008244,6.94125909008244,1231.4666666666667,1.1711044402297552,3.9274580958889955,4.820738942068289,0.9161229771456308,0.9155864475579909,0.2143809952038369,0.17361810551558746,0.05408389954702901,1229.1333333333334,11.211518285371705,9.400649730215827,0.6521024007521771,1230.4666666666667,-1.285666438985086,1230.2666666666669,3.779786238398003,3.2248759608911093,2.918173813819884,2.4827410340309135,0.5280575539568345,0.4082823741007193,4.60128927230835,4.236675381660461,0.5953359205663452,-0.6240911773219626,0.6521024007521771,-1.285666438985086,0.1737260191846522,0.2143809952038369,1.0,-1.199999999999818,0,0.378843896713615,0.3298136737089202,0.12497913406364108,1228.3333333333333,18.775088028169016,16.925862676056337,3.667766696181158,1228.2,-4.053392793035319,1230.1333333333334,4.071165500362413,3.5711384811849194,0.7015156537294387,1.3942401647567746,0.8808392018779343,0.831606514084507,4.301122665405273,3.9771189808845517,3.667766696181158,-0.39677446221282,1.5347792029144949,-4.053392793035319,0.378843896713615,0.3456279342723005,3.2666666666666515,-1.3333333333332575,0,0.255852417302799,0.24178514631043255,0.08636821458863442,1228.3333333333333,14.902958015267176,12.880187659033078,5.777336067953004,1230.2666666666669,-5.547553472906087,1227.8666666666666,6.097537404547308,4.388840833175499,5.165509557723998,1.8690240859985352,0.6753339694656488,0.584254134860051,7.132964134216309,5.67389678955078,0.4480100542012282,-5.547553472906087,5.777336067953004,-0.5539362098166196,0.255852417302799,0.2427798982188295,1.199999999999818,-3.6000000000001364,0
type_1_slot09,type_1,9,1266.0,1271.0,5.0,00:21:06.000,00:21:11.000,1265.5,1271.5,00:21:05.500,00:21:11.500,6.0,90,7.600792104364586,1271.4666666666667,0.4322658118517779,1268.2666666666669,7.600792104364586,7.600792104364586,1271.4666666666667,1.3865553163488522,4.596378313226856,5.5799142157663235,0.9239968026601533,0.929065912995515,0.2564748201438849,0.19855815347721817,0.05427033373301358,1268.8,12.141089628297362,9.587212604916067,0.6345014091934185,1265.6666666666667,-8.492715096762481,1268.0,8.492715096762481,3.4092529840111636,2.9579823851585365,1.7327941298484801,0.4759217625899281,0.3856336181055155,9.673526763916016,4.586520290374755,0.6345014091934185,-8.492715096762481,0.3615525274368946,-0.8560385242057916,0.1603267386091127,0.2564748201438849,5.7999999999999545,-3.466666666666697,0,0.4262910798122066,0.32583333333333325,0.11060804642670836,1268.2,17.75457746478873,16.165629401408452,5.374174342878373,1267.8666666666666,-3.456718102940913,1269.8666666666666,5.374174342878373,4.049331868308947,2.035611486434935,0.9159865826368332,0.7807805164319249,0.7265551643192488,6.914186954498291,4.819588446617126,5.374174342878373,-1.4777151858380413,0.5378185003993163,-3.456718102940913,0.4262910798122066,0.3108568075117371,3.6000000000001364,-1.6000000000001364,0,0.3569179389312977,0.2657395038167939,0.08869663556686452,1268.2,15.62402989821883,12.149975349872774,1.7102279418897477,1270.2,-6.550024639022419,1266.8666666666666,6.550024639022419,4.480090339595349,4.691964817047119,1.2260350286960602,0.634764631043257,0.6086744592875318,6.629023551940918,5.679364562034606,1.4884836862647437,-6.550024639022419,1.7102279418897477,-1.1512370862583048,0.3569179389312977,0.2773218829516539,1.2666666666666515,-4.600000000000136,0
type_2_slot07,type_2,7,1324.0,1329.0,5.0,00:22:04.000,00:22:09.000,1323.5,1329.5,00:22:03.500,00:22:09.500,6.0,90,8.871837854536011,1329.4666666666667,-4.949274420473046,1327.0666666666666,8.871837854536011,8.871837854536011,1329.4666666666667,1.3968295718648827,4.161103684576273,5.493799787062352,0.9194412563111524,0.9243101258077739,0.2554781175059952,0.19824265587529968,0.06248592792432719,1329.4666666666667,13.963249400479617,10.921880995203836,0.9188698675475674,1327.9333333333334,-1.831270361626934,1328.2,3.656945298156805,3.1616636875307247,2.6171754717826845,2.5140244841575616,0.5230665467625899,0.4704428956834531,4.764278888702393,4.1221305370330805,0.8603629649627653,-0.8522109522744113,0.9188698675475674,-1.831270361626934,0.1717550959232613,0.2554781175059952,1.533333333333303,-1.2666666666666515,0,0.3946596244131455,0.3216578638497652,0.13280777256129367,1326.2,19.91948356807512,17.354162265258214,3.7747699514887114,1326.1333333333334,-4.165952837537262,1328.2,4.165952837537262,3.5350550041299478,0.7343641072511673,1.76513437628746,0.8769366197183098,0.7986766431924882,4.575798988342285,3.8165756464004517,3.7747699514887114,-1.253103816488209,1.211252947009431,-4.165952837537262,0.3946596244131455,0.3610622065727699,3.3333333333332575,-1.2666666666666515,0,0.2485846055979644,0.22941873409669206,0.09263588493073222,1326.2,14.717350508905852,12.922203403307886,6.33269228205669,1328.2,-4.434012772116773,1325.8,6.904891693853084,4.018137007502017,4.40469810962677,2.2769901871681206,0.6712150127226463,0.5891499681933843,7.514379978179932,4.9340404033660885,0.8486295796825529,-4.434012772116773,6.33269228205669,-0.4280151906898747,0.2485846055979644,0.2258587786259542,1.2666666666666515,-3.6666666666667425,0
type_1_slot10,type_1,10,1332.0,1336.0,4.0,00:22:12.000,00:22:16.000,1331.5,1336.5,00:22:11.500,00:22:16.500,5.0,75,6.102393532581118,1334.1333333333334,0.4573061108843603,1334.8,6.102393532581118,6.102393532581118,1334.1333333333334,1.1842758834818952,3.8757104892137946,4.864047545570139,0.9177920709131344,0.9168071922773195,0.2319544364508393,0.20685326738609106,0.05776029176658671,1334.9333333333334,12.9246103117506,10.08546462829736,0.5569478824092144,1333.1333333333334,-4.659457549134276,1333.3333333333333,5.876608696753275,3.6810228199292454,3.0804501533508297,1.367616152763366,0.4396657673860911,0.3805148381294964,7.044610023498535,4.7083696842193605,0.5569478824092144,-4.659457549134276,0.3745221361639937,-0.8919490237888346,0.1755845323741007,0.2319544364508393,1.0,-0.8000000000001819,0,0.4113556338028169,0.3191490610328637,0.11873004694835679,1333.5333333333333,19.481719483568074,14.812232981220657,5.549535595418266,1333.2666666666669,-3.26014727494274,1335.2,5.549535595418266,3.4841306599311626,1.105416107177734,0.9771668076515196,0.7677230046948357,0.7218838028169013,5.7716169357299805,4.044088792800902,5.549535595418266,-0.769845932770219,0.4953009593652168,-3.26014727494274,0.4113556338028169,0.3144659624413145,0.8666666666665606,1.066666666666606,1,0.3412054707379134,0.2688183842239184,0.09621119592875313,1333.5333333333333,16.688104325699747,12.506634860050891,1.607824381680876,1332.1333333333334,-5.014865900242532,1333.1333333333334,6.0676535251864285,4.5893818557970425,4.387040090560912,1.0799710273742673,0.6291825699745547,0.5968956743002545,7.001229763031006,6.071778726577758,1.607824381680876,-5.014865900242532,1.3175444109609469,-1.0160491616130505,0.3412054707379134,0.2984891857506361,2.0,-1.0,0
type_2_slot08,type_2,8,1594.0,1599.0,5.0,00:26:34.000,00:26:39.000,1593.5,1599.5,00:26:33.500,00:26:39.500,6.0,90,4.011824861090872,1599.4666666666667,-4.898309503459871,1597.5333333333333,4.898309503459871,-4.898309503459871,1597.5333333333333,0.9088630726922469,2.598289145585142,3.971438758534296,0.9280005116428958,0.9376386510778356,0.2239283573141486,0.16196530275779372,0.04714495070610176,1597.4666666666667,12.037365107913669,8.759597197242206,2.745072219469158,1598.4,-0.9615622138201136,1598.6666666666667,4.966941645099805,3.2341790619564557,2.6997958540916436,1.7532463669776917,0.5134367505995204,0.40014988009592317,6.514331340789795,4.466030001640318,0.4651791586151099,-0.6366746199191553,2.745072219469158,-0.9615622138201136,0.1587380095923261,0.2239283573141486,-0.8666666666667879,1.1333333333334394,0,0.3500293427230047,0.3186957159624413,0.10909167970787688,1596.6,18.373298122065727,15.310485622065727,3.6265149854289143,1596.4666666666667,-4.160870231641871,1598.6666666666667,4.160870231641871,3.523514673060994,0.6961458235979077,1.0866291582584378,0.8751467136150235,0.7512279929577464,4.338839530944824,3.8380254149436936,3.6265149854289143,-0.4479487889338993,3.061585914844529,-4.160870231641871,0.3348298122065727,0.3500293427230047,1.066666666666606,1.1333333333334394,1,0.2521469465648855,0.2342111959287531,0.07848635849590047,1596.6,15.471771628498727,11.75080232188295,4.230439802369413,1598.6666666666667,-5.224376837941914,1596.1333333333334,5.224376837941914,4.196683660937046,4.454182600975036,1.4438901126384733,0.6676526717557252,0.5748417620865139,5.637007713317871,5.256004285812378,0.4743397333425733,-5.224376837941914,4.230439802369413,-0.5926891411348205,0.2493638676844783,0.2521469465648855,-1.1333333333334394,-1.3999999999998636,0
type_1_slot11,type_1,11,1648.0,1652.0,4.0,00:27:28.000,00:27:32.000,1647.5,1652.5,00:27:27.500,00:27:32.500,5.0,75,7.859084053843333,1652.4666666666667,0.4298576277939219,1649.0666666666666,7.859084053843333,7.859084053843333,1652.4666666666667,1.5756991612840503,5.024404801167932,5.787547951836648,0.9023352308839397,0.9092271111382378,0.2650779376498801,0.21227667865707428,0.07031145083932852,1650.6,12.061548261390888,10.430864808153473,0.5925771480198052,1648.7333333333331,-6.348056160385228,1649.0,6.448188286885287,3.9646517259434724,3.882113981246947,1.8890356421470644,0.4568869904076739,0.4124160671462828,7.902215957641602,4.97760577201843,0.5925771480198052,-6.348056160385228,0.3503918206856554,-1.117524392679191,0.2356115107913669,0.2650779376498801,3.733333333333576,-3.466666666666697,0,0.4119424882629108,0.3450792253521126,0.13019718309859155,1649.2,18.897828638497653,16.11174882629108,6.349551207063266,1648.8666666666666,-3.434806739623661,1650.8666666666666,6.349551207063266,3.9918140728852576,2.5389709949493406,0.9725597262382507,0.7702464788732394,0.7337852112676057,6.802251815795898,4.870709705352783,6.349551207063266,-1.2952254403156345,0.4453417904859887,-3.434806739623661,0.4119424882629108,0.3324823943661972,3.6000000000001364,-1.6000000000001364,0,0.3624522900763359,0.27613390585241726,0.11221204410517382,1649.2,15.33441475826972,13.262135814249364,1.281189360319502,1651.1333333333334,-7.183262485432064,1648.7333333333331,7.202795678490216,4.3634117289377965,4.8889471054077145,1.1345094203948975,0.6457379134860051,0.6290235368956743,7.841462135314941,5.509683322906493,0.940998768662016,-7.183262485432064,1.281189360319502,-0.8367508982093296,0.3624522900763359,0.2894879134860051,1.3333333333332575,-3.733333333333576,0
type_2_slot09,type_2,9,1706.0,1709.0,3.0,00:28:26.000,00:28:29.000,1705.5,1709.5,00:28:25.500,00:28:29.500,4.0,60,0.5796529536364119,1707.0,-4.97763951135704,1707.8,4.97763951135704,-4.97763951135704,1707.8,0.9983914016908016,3.151193425590185,3.9392585287879167,0.9087595907401254,0.9084527919439622,0.2228717026378897,0.16787132793764986,0.06485124400479614,1707.8,12.012177757793763,9.182468899880096,1.35193336648339,1708.7333333333331,-0.9093181918268576,1709.0,4.460341404819814,3.7326878786241786,3.0429280281066884,1.8148229718208309,0.5105740407673861,0.4410356714628296,5.774924755096436,4.563188505172729,0.5232781969384507,-0.77663019861672,1.35193336648339,-0.9093181918268576,0.1708558153477218,0.2228717026378897,-0.9333333333331666,1.2000000000000455,0,0.3515845070422535,0.3193647300469483,0.1583753912363067,1707.0,18.635886150234743,16.833482981220655,3.740401068357798,1706.9333333333334,-4.165546091440202,1709.0,4.165546091440202,3.891929115787559,0.7412870198488232,1.2417486310005186,0.8756161971830986,0.7462764084507042,4.555714130401611,4.141865372657776,3.740401068357798,-0.7112622902264902,0.2316571799581059,-4.165546091440202,0.3515845070422535,0.3318661971830985,0.8666666666665606,1.2000000000000455,1,0.2572519083969465,0.23796994274809158,0.1125453244274809,1706.8666666666666,15.227608142493638,11.937718670483461,7.105919422923433,1709.0,-5.346467703341105,1706.6,7.341064306187712,5.036030104878333,4.336270761489868,1.6938077211380003,0.6696246819338423,0.5797845101781169,8.052640914916992,5.6333559274673455,0.80510648561787,-5.346467703341105,7.105919422923433,-0.3921759106847316,0.2572519083969465,0.2300254452926208,-1.2000000000000455,-1.2000000000000455,0
type_2_slot10,type_2,10,1791.0,1795.0,4.0,00:29:51.000,00:29:55.000,1790.5,1795.5,00:29:50.500,00:29:55.500,5.0,75,8.555166795627485,1795.4666666666667,-4.965558596062067,1793.1333333333334,8.555166795627485,8.555166795627485,1795.4666666666667,1.4954660480635076,4.714851955628356,5.712785459296081,0.9175690950384571,0.928666362244406,0.2581160071942446,0.22225344724220616,0.078583932853717,1793.0666666666666,13.48253896882494,11.045711181055154,3.0150300829523258,1794.0,-1.054890443116836,1794.2666666666669,4.535473985335333,3.5773085101310813,3.178896427154541,2.242241382598876,0.5546687649880095,0.4860094424460431,5.361211776733398,4.44151611328125,0.4903550885097904,-0.4565716534053832,3.0150300829523258,-1.054890443116836,0.2308453237410072,0.2581160071942446,1.466666666666697,-1.199999999999818,0,0.3748826291079812,0.33588028169014084,0.1540762910798122,1795.4666666666667,19.63576877934272,16.217966549295774,3.154498017621518,1791.7333333333331,-4.244985660468772,1794.2666666666669,4.244985660468772,3.6100301781607076,0.8382513940334319,1.7577034592628475,0.8563086854460094,0.8002494131455399,4.451599597930908,3.9379127025604244,3.154498017621518,-0.4815583208314265,0.286792055865034,-4.244985660468772,0.3515258215962441,0.3748826291079812,3.733333333333576,-1.199999999999818,0,0.3170006361323155,0.2839153944020355,0.12757548770144186,1792.3333333333333,15.42426844783715,14.004915712468193,4.686186053907566,1794.2666666666669,-5.3396191503304,1791.7333333333331,5.3396191503304,3.943547035440036,4.401605415344235,2.005567705631256,0.8522423664122137,0.7181297709923663,5.972623825073242,4.850021362304685,0.6537121994729767,-5.3396191503304,4.686186053907566,-0.1566018123096499,0.3170006361323155,0.3010019083969465,1.199999999999818,-3.733333333333576,0
type_1_slot12,type_1,12,1821.0,1825.0,4.0,00:30:21.000,00:30:25.000,1820.5,1825.5,00:30:20.500,00:30:25.500,5.0,75,5.988194192385265,1823.2666666666669,0.4203292357890404,1824.2,5.988194192385265,5.988194192385265,1823.2666666666669,1.0749630640559795,3.4779356246365998,5.170198476363163,0.9102020987294517,0.9132378411940586,0.2444919064748201,0.20724745203836925,0.0631048161470823,1824.3333333333333,12.923486211031175,10.398094274580334,0.5124215772893685,1822.0,-3.779285340320832,1822.3333333333333,6.585421000980045,3.815330412839459,3.9976794242858884,1.2995035767555236,0.4635941247002398,0.41936076139088724,7.637263298034668,4.8428586483001705,0.5124215772893685,-3.779285340320832,0.3041918477507274,-0.7830135570077622,0.2042416067146283,0.2444919064748201,1.2666666666668789,-0.9333333333336213,0,0.3841549295774648,0.3723444835680751,0.13093740219092329,1822.3333333333333,18.94639084507042,17.201534624413146,5.518640864948539,1822.2,-3.5711584849290623,1824.2666666666669,5.539983263820633,3.787537903771357,1.1385323762893675,0.8841020345687863,0.7985035211267606,0.7827142018779343,5.815723896026611,3.987527465820312,5.518640864948539,-1.0754559729431723,0.4656339071199272,-3.5711584849290623,0.3841549295774648,0.338262910798122,1.0666666666668334,1.0,1,0.3366253180661577,0.2900349872773536,0.10333884648006782,1824.3333333333333,15.568797709923665,13.775004770992366,1.0883623927049224,1822.6666666666667,-4.3950853584636045,1822.0666666666664,4.543171291696612,3.9354318215906483,3.6210073471069317,0.9239483058452606,0.6589058524173028,0.6343654580152672,6.095065116882324,4.790463447570801,1.0883623927049224,-4.3950853584636045,1.0596730798022844,-0.5285802281366319,0.3349872773536895,0.3366253180661577,0.6000000000001364,-1.2000000000005002,0
type_1_slot13,type_1,13,2029.0,2033.0,4.0,00:33:49.000,00:33:53.000,2028.5,2033.5,00:33:48.500,00:33:53.500,5.0,75,7.55854677141366,2033.4,0.4377808575286508,2031.6666666666667,7.55854677141366,7.55854677141366,2033.4,1.6513009771448537,5.123603260701624,6.0927872803569185,0.898510632220484,0.905523134547104,0.2702712829736211,0.21809127697841713,0.07212170263788964,2031.4666666666667,13.69886840527578,10.440275779376497,0.6803020171879492,2028.9333333333332,-9.292232028493418,2029.9333333333332,9.31117716328091,3.8275755048333906,3.401903867721555,1.6792239785194394,0.4560251798561151,0.4075734412470023,10.75364875793457,4.885934543609616,0.6803020171879492,-9.292232028493418,0.3192825069905103,-0.8349614083597827,0.2538294364508393,0.2702712829736211,4.466666666666924,-3.4666666666669244,0,0.3941021126760563,0.3399970657276995,0.13136893583724565,2030.1333333333332,16.983597417840375,16.151760563380282,5.558559557919443,2029.8,-3.554547940788807,2031.8,5.558559557919443,3.729553229764241,1.8737759470939623,0.9959217786788939,0.7691607981220657,0.7294512910798122,7.469302177429199,4.6440752029418935,5.558559557919443,-0.9963868849019624,0.5018419014116866,-3.554547940788807,0.3941021126760563,0.3238262910798122,3.6000000000001364,-1.6000000000001364,0,0.3590171755725191,0.27491412213740457,0.11336301950805765,2030.1333333333332,14.641332697201015,13.282407760814248,1.067788998037635,2030.2666666666669,-6.982351306621174,2029.6666666666667,6.982351306621174,4.634708819828672,4.985512685775757,1.3090934991836547,0.6826653944020357,0.6254675572519084,7.56985330581665,5.737793493270873,1.067788998037635,-6.982351306621174,0.8128662245238188,-0.787364682697542,0.3590171755725191,0.2826176844783715,3.133333333333212,-3.7333333333333485,0
type_2_slot11,type_2,11,2087.0,2090.0,3.0,00:34:47.000,00:34:50.000,2086.5,2090.5,00:34:46.500,00:34:50.500,4.0,60,0.5241654906313897,2087.4666666666667,-5.13910576054451,2088.866666666667,5.13910576054451,-5.13910576054451,2088.866666666667,1.0081030186361024,3.0767924363209946,4.0481176355097235,0.9036521662403624,0.9162701186945408,0.2199790167865707,0.17367431055155874,0.06627735311750597,2088.8,11.88816696642686,9.533820068944843,1.5170810263798449,2089.733333333333,-1.0288925632202153,2090.0,5.61229979493082,4.133179391916294,3.538603150844571,1.8253874063491817,0.4931055155875299,0.4332265437649879,6.37636137008667,4.828699445724487,1.122373742688455,-0.5571663292742279,1.5170810263798449,-1.0288925632202153,0.1755395683453237,0.2199790167865707,-0.8666666666663332,1.133333333333212,0,0.3679284037558685,0.3244600938967136,0.15706132629107977,2087.9333333333334,18.37676056338028,17.018983274647887,3.5867864622487264,2087.866666666667,-4.09446307636861,2090.0,4.141625382711521,3.811150174868594,0.6962542265653608,1.225638115406036,0.8696009389671362,0.7472256455399061,4.525676727294922,4.03971495628357,3.5867864622487264,-0.0167934157532077,0.4297844930882227,-4.09446307636861,0.3679284037558685,0.3264671361502347,1.0,1.133333333333212,1,0.251176844783715,0.24234812340966919,0.11267626166242575,2088.0,14.142509541984731,11.97365458015267,5.403897184545414,2090.0,-5.581781982754572,2087.5333333333333,6.232512715087038,4.456809727928562,4.971273899078368,1.7467904448509213,0.6573314249363867,0.5858142493638676,6.831971645355225,5.551897406578063,0.4345437884144619,-5.581781982754572,5.403897184545414,-0.3750163173828389,0.251176844783715,0.232840330788804,-1.133333333333212,-1.333333333333485,0
type_1_slot14,type_1,14,2164.0,2168.0,4.0,00:36:04.000,00:36:08.000,2163.5,2168.5,00:36:03.500,00:36:08.500,5.0,75,6.079776969595116,2166.333333333333,0.4405600486781509,2168.333333333333,6.079776969595116,6.079776969595116,2166.333333333333,1.0769790113942357,3.5429058936598734,5.074144545302488,0.9124133998392991,0.91244873378424,0.2431279976019184,0.22127847721822533,0.06279516386890484,2167.0666666666666,12.716396882494005,10.323977817745803,0.5003774462432086,2165.2,-4.659877609610644,2165.5333333333333,5.511201065023393,4.640687300704161,4.00384435653686,1.2216654062271117,0.4752547961630695,0.4030013489208632,6.938963413238525,5.526959133148192,0.5003774462432086,-4.659877609610644,0.352102379591184,-0.8079352777405355,0.2131669664268585,0.2431279976019184,1.133333333333212,-0.7999999999997272,0,0.400381455399061,0.3393661971830986,0.12350625978090761,2165.733333333333,19.184008215962443,15.709043427230048,6.279770708623292,2165.4,-3.39181128648199,2167.4,6.279770708623292,3.800238357788104,1.1947211027145384,0.9456789851188657,0.7611208920187793,0.7281514084507041,6.442917346954346,4.205680680274961,6.279770708623292,-0.8042287944818429,0.4237468880236487,-3.39181128648199,0.400381455399061,0.3341255868544601,0.9333333333329392,1.0666666666670608,1,0.3622455470737913,0.27645992366412214,0.10214397794741302,2165.733333333333,15.69562659033079,12.729128498727732,1.2389704997979132,2167.6666666666665,-7.343274987327769,2165.266666666667,7.343274987327769,4.181081963821831,4.595271682739256,1.0200009703636168,0.6493797709923664,0.6092748091603053,7.952476501464844,5.1704720497131325,0.663585942992322,-7.343274987327769,1.2389704997979132,-1.2479188673879127,0.3622455470737913,0.281631679389313,-1.333333333333485,-1.0666666666661513,0
type_2_slot12,type_2,12,2286.0,2290.0,4.0,00:38:06.000,00:38:10.000,2285.5,2290.5,00:38:05.500,00:38:10.500,5.0,75,2.892676815837717,2290.4666666666667,-5.029989741835436,2288.5333333333333,5.029989741835436,-5.029989741835436,2288.5333333333333,0.9309328062167849,2.732087500524202,3.828149665480259,0.9194497283381712,0.927587395411362,0.2098621103117506,0.17337529976019178,0.054267585931254976,2288.4666666666667,11.587717326139089,9.399027278177456,3.0096823408446136,2289.4666666666667,-1.88259398601383,2286.6,7.119918835563356,3.948426572569899,3.6684171676635735,1.7993911743164062,0.5000299760191846,0.41871552757793756,7.702416896820068,5.068427276611328,1.9281234704421384,-1.88259398601383,3.0096823408446136,-0.6625858458806422,0.18125,0.2098621103117506,-0.933333333333394,-1.933333333333394,0,0.3362676056338028,0.3213233568075117,0.12578599374021907,2287.6666666666665,18.00237676056338,16.49960093896713,3.747851213530576,2287.6,-3.997483650289438,2289.733333333333,3.997483650289438,3.832034565378594,1.0456687569618222,1.20081729888916,0.8604460093896713,0.7483362676056338,4.357186317443848,4.14703779220581,3.747851213530576,-0.97990385565536,0.853086087818487,-3.997483650289438,0.3362676056338028,0.3328051643192488,0.933333333333394,1.199999999999818,1,0.2535782442748092,0.2400206743002544,0.09139694656488546,2287.733333333333,14.551812977099235,11.802910305343511,5.709593357909663,2289.6666666666665,-5.251161104956318,2287.266666666667,6.654611497120087,4.6357146881770035,4.955321884155271,1.5117742657661437,0.6620865139949109,0.5668940839694656,7.134443283081055,5.755320453643798,0.9185387996852018,-5.251161104956318,5.709593357909663,-0.5197880842919091,0.2535782442748092,0.2330629770992366,-1.133333333333212,-1.2666666666664241,0
type_2_slot13,type_2,13,2456.0,2459.0,3.0,00:40:56.000,00:40:59.000,2455.5,2459.5,00:40:55.500,00:40:59.500,4.0,60,0.5499475523765796,2458.733333333333,-5.139679004260756,2457.866666666667,5.139679004260756,-5.139679004260756,2457.866666666667,1.0028335522685117,2.9081866057311183,3.9089469625307456,0.8982506151122419,0.9025853909716195,0.246695143884892,0.179753821942446,0.07037295163868902,2457.8,13.355680455635492,9.323257643884892,1.6605149039031086,2458.733333333333,-0.8329883813135613,2455.733333333333,4.532242408697568,3.7955867017468794,3.252171635627746,1.4353641808032982,0.5602967625899281,0.49332771282973614,5.350232124328613,4.705078148841857,0.7828134777812625,-0.8329883813135613,1.6605149039031086,-0.5211477709499612,0.1848696043165467,0.246695143884892,-0.8666666666663332,-2.133333333333667,0,0.4013791079812207,0.3305296361502347,0.15514231220657274,2457.0,19.861707746478874,17.42671068075117,3.6455715272714113,2456.866666666667,-4.516691971462404,2459.0,4.625454500548484,3.7541435985023384,0.780373853445053,1.1846549510955806,0.8487676056338028,0.7453755868544601,4.9941229820251465,4.037822318077086,3.6455715272714113,-0.4801732967175657,0.3133686277478584,-4.516691971462404,0.4013791079812207,0.3523474178403756,1.0,1.133333333333212,1,0.296898854961832,0.28241332697201016,0.1289297073791348,2457.8,14.168924936386768,12.744070451653942,5.628673623609748,2459.0,-5.261772726805546,2456.6,6.186498958660129,4.878376490869833,5.130718302726746,1.2227322578430175,0.8555025445292621,0.7046898854961829,7.084731578826904,5.7744452238082875,0.53522306258986,-5.261772726805546,5.628673623609748,-0.4078721620381655,0.2962945292620865,0.296898854961832,-1.133333333333212,-1.2666666666668789,0
type_1_slot15,type_1,15,2564.0,2568.0,4.0,00:42:44.000,00:42:48.000,2563.5,2568.5,00:42:43.500,00:42:48.500,5.0,75,5.916631814966877,2566.133333333333,0.437779763712399,2567.6,5.916631814966877,5.916631814966877,2566.133333333333,1.16418982732431,3.842653304607861,4.858487742566143,0.9186792488329225,0.9207132447796104,0.2529826139088729,0.19246252997601918,0.061728417266187004,2566.2,14.438781474820145,10.177730065947243,0.6738995927587477,2564.6,-1.693998582696888,2565.333333333333,5.995354747344341,3.602581366422308,3.725571393966674,1.401624572277069,0.4647332134292566,0.4036218525179855,6.836972236633301,4.974358463287353,0.6738995927587477,-1.693998582696888,0.4895460661268759,-0.6099747042368066,0.1922287170263789,0.2529826139088729,1.533333333333303,-0.8000000000001819,0,0.3854460093896714,0.34188673708920186,0.1313658059467918,2565.333333333333,19.38817488262911,16.043829225352113,5.20339075471208,2565.266666666667,-3.633779287338257,2567.2,5.217497763536922,3.724410113932668,1.3888116598129263,0.8883745431900023,0.8070129107981221,0.7726085680751174,5.533988952636719,4.511926507949829,5.20339075471208,-1.6325353744503155,0.3615705429251685,-3.633779287338257,0.3854460093896714,0.3168427230046948,0.8666666666663332,1.066666666666606,1,0.3270038167938931,0.2734462468193384,0.10326081424936383,2565.5333333333333,15.570149491094147,13.071576017811704,1.6976153722551235,2564.2,-5.747725723679837,2565.133333333333,6.755271747711311,4.319314232933493,4.449477624893188,0.919481873512268,0.6592557251908397,0.6253371501272265,7.705431938171387,4.874936103820801,1.6976153722551235,-5.747725723679837,1.2295060219168956,-0.7894942551790451,0.3270038167938931,0.2857824427480916,1.933333333333394,-1.0,0
type_2_slot14,type_2,14,2619.0,2624.0,5.0,00:43:39.000,00:43:44.000,2618.5,2624.5,00:43:38.500,00:43:44.500,6.0,90,4.8498989594453406,2624.4666666666667,-5.137201467960438,2622.4,5.137201467960438,-5.137201467960438,2622.4,0.9637353687532298,3.134534905816243,4.0046914073479565,0.9279654118453393,0.9284237528483072,0.2554181654676259,0.1729665017985611,0.053128330668798275,2622.333333333333,13.214808153477218,9.107139538369303,3.163945883206835,2623.266666666667,-1.5924353964944935,2620.8,5.074301427035057,2.682898249903516,2.4700704097747783,1.471788895130157,0.5517311151079136,0.47327450539568344,6.662860870361328,3.4549195766448975,1.7245631937031085,-1.5924353964944935,3.163945883206835,-0.69203824160176,0.1771507793764988,0.2554181654676259,-0.8666666666667879,-1.599999999999909,0,0.3807218309859155,0.3221772300469483,0.11285504694835677,2621.733333333333,17.96995305164319,15.693705985915493,3.806393424201002,2621.4,-3.783829363286932,2623.5333333333333,3.890155236092408,3.676154536971654,0.7901196479797361,1.1005480289459226,0.8573356807511737,0.7593852699530516,4.25669527053833,3.983708715438842,3.806393424201002,-0.9899037540287338,2.472290251304815,-3.783829363286932,0.3212734741784037,0.3807218309859155,1.0,1.133333333333212,1,0.3314408396946565,0.27394402035623405,0.0934948402601074,2621.733333333333,14.819258905852417,12.543548823155216,5.113907555363944,2623.5333333333333,-5.170830139762463,2621.133333333333,5.504165537694524,3.503005884085171,3.8745093584060664,1.2570696532726289,0.8521469465648855,0.7010050890585242,6.093216419219971,4.746829843521118,0.9402929349542338,-5.170830139762463,5.113907555363944,-1.1368774401542343,0.3063454198473282,0.3314408396946565,-1.133333333333212,-1.2666666666668789,0
type_1_slot16,type_1,16,2660.0,2664.0,4.0,00:44:20.000,00:44:24.000,2659.5,2664.5,00:44:19.500,00:44:24.500,5.0,75,5.987257531395869,2662.266666666667,0.4536917911370892,2663.6666666666665,5.987257531395869,5.987257531395869,2662.266666666667,1.1205997119617017,3.55310789693017,4.869882733405535,0.9259194410046234,0.9376237684461806,0.2313399280575539,0.2052892685851318,0.05771812549960029,2663.0666666666666,13.54281324940048,10.297661870503594,0.6023354050355056,2661.133333333333,-2.613825624242934,2661.4,4.544992789388701,3.7255452158990434,3.7300678730010985,1.2051468729972838,0.4385191846522782,0.379542865707434,5.425955295562744,4.870217132568358,0.6023354050355056,-2.613825624242934,0.5301875986572312,-1.114318548532008,0.1931729616306954,0.2313399280575539,1.1333333333336668,-0.8666666666667879,0,0.3785504694835681,0.34172535211267596,0.12745266040688574,2661.6,19.276203051643197,15.857998826291078,5.306427747435518,2661.333333333333,-3.478639378006857,2663.4,5.306427747435518,3.804669187511634,1.1467130064964293,0.8732976138591766,0.7956279342723005,0.764325117370892,5.622974872589111,4.2280475139617915,5.306427747435518,-1.199605981478994,0.4106873964180067,-3.478639378006857,0.3785504694835681,0.3468603286384976,0.9333333333338487,1.133333333333212,1,0.3288963104325699,0.27315680661577607,0.09811259541984729,2663.333333333333,15.640410305343512,12.962763994910942,1.5745278237352005,2660.2,-6.4905660459100645,2661.2,7.288457677862544,3.6923870917482584,3.6348380088806147,0.9698163330554961,0.6406806615776082,0.6050779262086513,8.238544464111328,4.741971588134765,1.5745278237352005,-6.4905660459100645,1.2405844569386577,-0.7996439709177183,0.3259223918575064,0.3288963104325699,2.066666666667061,-1.0666666666670608,0
type_1_slot17,type_1,17,2703.0,2707.0,4.0,00:45:03.000,00:45:07.000,2702.5,2707.5,00:45:02.500,00:45:07.500,5.0,75,6.149843932715157,2705.333333333333,0.4462674267732609,2704.8,6.149843932715157,6.149843932715157,2705.333333333333,1.0694367030417744,3.4225129448523837,4.888273606832632,0.9343143753516429,0.9458450960889274,0.2458108513189448,0.19484637290167856,0.06120363709032771,2706.0666666666666,20.13256145083933,10.76880920263789,1.414983938554918,2703.866666666667,-3.5819455077060924,2704.5333333333333,5.98540369823313,4.2573832963014615,4.246860122680663,1.287867891788482,0.4345623501199041,0.3740842326139087,7.260334491729736,5.285470724105834,1.414983938554918,-3.5819455077060924,0.411516979070299,-0.7137037244239064,0.1658723021582734,0.2458108513189448,1.4666666666662422,-0.7999999999997272,0,0.4088321596244131,0.3313644366197182,0.12863067292644753,2704.733333333333,21.400792253521125,16.513749999999998,6.395388299946356,2704.4,-3.5682680368617774,2706.4,8.413137239338186,4.705944039118118,1.7126543641090386,1.0058303475379942,0.7616784037558686,0.7292840375586854,9.195165634155272,5.539496803283687,6.395388299946356,-1.2656029589130298,0.4579526455244636,-3.5682680368617774,0.4088321596244131,0.3270539906103286,0.9333333333329392,1.0666666666670608,1,0.3576972010178117,0.27022264631043247,0.1093958863443596,2704.733333333333,27.40893765903308,14.290909669211192,1.961782395102465,2702.733333333333,-7.871546620952158,2704.266666666667,7.871546620952158,5.520054949442582,5.9843347549438475,1.0849557280540465,0.6131679389312977,0.60047868956743,8.870279312133789,7.307297325134275,1.961782395102465,-7.871546620952158,1.5219299759219185,-1.3617151434529624,0.3576972010178117,0.30779262086514,2.599999999999909,-1.0666666666661513,0
type_1_slot18,type_1,18,2943.0,2946.0,3.0,00:49:03.000,00:49:06.000,2942.5,2946.5,00:49:02.500,00:49:06.500,4.0,60,6.446869045598646,2944.4,0.4514359722421659,2945.2,6.446869045598646,6.446869045598646,2944.4,1.2293530649453468,4.100716144155922,5.028790985014036,0.9188258866522833,0.9247304095232929,0.2648980815347722,0.2134813399280575,0.0687448790967226,2945.2,13.35283273381295,9.733662694844122,0.9783843444605131,2943.266666666667,-2.710524984742003,2943.6,4.576566900636411,3.5975654913174617,3.8496413826942444,1.2467902481555935,0.4251199040767386,0.364992131294964,5.894824028015137,4.928177070617675,0.9783843444605131,-2.710524984742003,0.4891909123684714,-0.6312914738018758,0.2171987410071942,0.2648980815347722,1.133333333333212,-0.8000000000001819,0,0.430956572769953,0.3327626173708919,0.14156298904538336,2943.8,19.9399941314554,15.729593603286382,6.105111490959196,2943.4666666666667,-3.497841090125978,2945.5333333333333,6.105111490959196,4.0329306905965545,1.1871692001819603,1.0558005630969998,0.7762030516431925,0.7365801056338027,6.316492080688477,4.6926776409149165,6.105111490959196,-0.8812238966138399,0.4668017734681482,-3.497841090125978,0.430956572769953,0.3559272300469484,0.933333333333394,1.133333333333212,1,0.3706743002544529,0.2944529262086514,0.11642122561492788,2943.8,16.776685750636133,13.032148536895674,1.63112296913987,2946.133333333333,-6.976097498729392,2943.333333333333,7.012135085676162,4.80326627899184,4.647397732734679,1.130997198820114,0.6181774809160305,0.6041698473282443,7.657541751861572,5.425197243690486,0.6079811864660546,-6.976097498729392,1.63112296913987,-0.2516063895388738,0.3706743002544529,0.3027035623409669,-1.7333333333331211,-1.0666666666670608,0
type_2_slot15,type_2,15,2998.0,3002.0,4.0,00:49:58.000,00:50:02.000,2997.5,3002.5,00:49:57.500,00:50:02.500,5.0,75,0.5457090983350668,2998.0666666666666,-5.026008416335003,3000.6666666666665,5.026008416335003,-5.026008416335003,3000.6666666666665,0.8979639415090136,2.391705965914117,3.9654910237602503,0.9306051917585836,0.9450773173767844,0.1869304556354916,0.16828537170263785,0.05113299360511588,3000.6666666666665,10.22306654676259,9.014730215827338,1.8353584915564896,3001.6,-1.618329473467527,3001.866666666667,5.844827001344942,4.220772793568319,3.831405544281005,1.8588249683380127,0.4572467026378897,0.38548486211031174,6.8971357345581055,5.3986863613128655,1.2221848207162993,-1.2163043909327218,1.8353584915564896,-1.618329473467527,0.1788818944844124,0.1869304556354916,-0.933333333333394,1.2000000000002728,0,0.3336854460093896,0.31061326291079805,0.12312597809076678,2999.8,19.05143779342723,15.111291079812204,3.664663962458012,2999.4,-3.949453471230697,3001.6666666666665,4.356679224221005,3.9131714737963854,0.9621214509010312,1.144589066505432,0.8655223004694835,0.7403638497652583,4.700908660888672,4.2197568893432615,3.664663962458012,-0.4765145955868883,1.5213791115694817,-3.949453471230697,0.3336854460093896,0.3157276995305164,1.2666666666664241,1.0,1,0.2614662849872773,0.23880407124681932,0.09050657336726035,2999.6,15.862786259541984,11.91346055979644,5.436782427351243,3001.8,-6.546199313226934,2999.4,6.546199313226934,4.929260341645177,5.3579689979553216,1.4009270429611203,0.6620069974554708,0.5737261450381679,7.361937522888184,5.804261589050292,0.7423535369349682,-6.546199313226934,5.436782427351243,-0.5252658598454012,0.2614662849872773,0.2288167938931297,-1.1333333333336668,-1.2666666666664241,0
type_1_slot19,type_1,19,3060.0,3064.0,4.0,00:51:00.000,00:51:04.000,3059.5,3064.5,00:50:59.500,00:51:04.500,5.0,75,7.827869586847498,3064.4,0.4394626197291131,3061.2,7.827869586847498,7.827869586847498,3064.4,1.6654327179642663,5.169655469942168,5.997615388998889,0.9111710314375011,0.916482713186005,0.2679481414868105,0.20567071342925658,0.07092735811350917,3061.8,14.367348621103115,10.008905125899279,0.9264025381878946,3060.6666666666665,-5.922326296329288,3060.9333333333334,5.974855221112545,3.6806585768172098,3.466546416282653,1.7370733380317682,0.4853192446043165,0.42544439448441235,7.480510711669922,4.773136091232299,0.9264025381878946,-5.922326296329288,0.472758156053685,-0.9358292302217136,0.2679481414868105,0.2600269784172662,3.733333333333576,-3.466666666666697,0,0.4320422535211267,0.3276115023474178,0.12573669796557116,3061.133333333333,18.45237676056338,15.261866197183098,6.207682767068969,3060.8,-3.2989613460250644,3062.8,6.207682767068969,3.9072621705472947,1.338127267360687,1.0185804843902588,0.7644072769953052,0.735381455399061,6.40648889541626,4.518634891510009,6.207682767068969,-0.9533247333558984,0.4217518363861815,-3.2989613460250644,0.4320422535211267,0.3259096244131455,3.599999999999909,-1.599999999999909,0,0.3738867684478371,0.2712468193384223,0.10707485156912634,3061.133333333333,15.732092875318068,12.191935432569975,1.7141713434243069,3063.133333333333,-6.97828429527482,3060.6666666666665,7.124255149341251,4.556167735680146,4.910458469390868,1.3631812214851373,0.6626749363867684,0.611257951653944,7.668432712554932,5.713761043548584,0.638221801421234,-6.97828429527482,1.7141713434243069,-0.524788231799506,0.3738867684478371,0.2889949109414758,1.2666666666668789,-3.733333333333576,0
type_2_slot16,type_2,16,3116.0,3120.0,4.0,00:51:56.000,00:52:00.000,3115.5,3120.5,00:51:55.500,00:52:00.500,5.0,75,8.563504611129645,3120.4666666666667,-4.918818909747927,3118.0,8.563504611129645,8.563504611129645,3120.4666666666667,1.5051321328886016,4.619031667645266,5.880237896687985,0.9298979177264304,0.9405934009693288,0.2000899280575539,0.1777270683453237,0.07023401278976817,3120.4666666666667,11.994484412470024,10.091058902877698,3.6088519769308736,3118.9333333333334,-2.120370401247808,3119.2,5.587669286622434,4.030779609503207,3.8680868625640867,3.422089767456054,0.4522182254196643,0.405789118705036,6.116861343383789,5.152800416946411,2.5603618474067327,-1.2716745172433066,3.6088519769308736,-2.120370401247808,0.1819994004796163,0.2000899280575539,1.533333333333303,-1.2666666666668789,0,0.3669014084507042,0.3327670187793427,0.1606744913928012,3120.4666666666667,19.69419014084507,17.530610328638495,3.378421195353892,3117.0666666666666,-3.99881205277976,3119.0,4.030820507207035,3.629589317632864,0.9083781540393828,1.66944955587387,0.8747359154929577,0.8506924882629108,4.390233993530273,3.9222280979156485,3.378421195353892,-0.4148247623111664,0.4155789391913285,-3.99881205277976,0.3485622065727699,0.3669014084507042,3.400000000000091,-1.466666666666697,0,0.2581265903307888,0.24509701017811697,0.11295949957591177,3117.2,16.06736641221374,13.993931297709924,5.010047346428062,3119.2,-5.538120354366571,3116.733333333333,5.587572302051831,4.564081763061924,5.35609655380249,2.1818676710128773,0.6718670483460559,0.5938867684478372,6.737273216247559,5.963096380233765,0.2884499269734547,-5.538120354366571,5.010047346428062,-0.3849612050222843,0.2581265903307888,0.230884223918575,1.2666666666668789,-3.733333333333576,0
type_1_slot20,type_1,20,3156.0,3159.0,3.0,00:52:36.000,00:52:39.000,3155.5,3159.5,00:52:35.500,00:52:39.500,4.0,60,6.16738158541898,3157.733333333333,0.4622751506381632,3157.2,6.16738158541898,6.16738158541898,3157.733333333333,1.2208162591287788,4.048360884084992,5.055822082429629,0.9099247468948365,0.9218398033047901,0.2325614508393285,0.20566134592326138,0.06888089528377296,3157.8,12.49168165467626,9.27532898681055,0.7510027006393832,3156.6,-3.069271546412497,3156.9333333333334,4.978113442751963,3.120258391894916,3.341673576831817,1.3329183936119078,0.5142685851318944,0.42446942446043145,5.974931716918945,4.311452865600582,0.7510027006393832,-3.069271546412497,0.2446889064379407,-0.8616406505166574,0.1557179256594724,0.2325614508393285,1.133333333333212,-0.7999999999997272,0,0.4312206572769953,0.3242620305164319,0.13779049295774642,3157.133333333333,22.19762323943662,16.201763497652582,6.19405253161217,3156.8,-3.134350743117527,3158.866666666667,6.19405253161217,4.172025332227402,1.5932339012622831,1.0858201682567594,0.7469776995305164,0.7258039906103286,6.397504806518555,4.923505234718323,6.19405253161217,-0.8695239914704189,0.4955129270597469,-3.134350743117527,0.4312206572769953,0.3078051643192488,0.9333333333329392,1.1333333333336668,1,0.3562977099236641,0.26857983460559787,0.11288432994062761,3157.133333333333,16.498966284987276,11.851355756997455,1.7296978743646818,3155.733333333333,-7.200663515140926,3156.6666666666665,7.26914048500067,5.183660296286683,5.7224306583404525,0.8967229127883911,0.6044370229007634,0.5876319974554707,7.924538612365723,6.138775014877318,1.7296978743646818,-7.200663515140926,1.6723257162829768,-1.0679403608304183,0.3562977099236641,0.2825699745547074,2.0,-1.066666666666606,0
type_2_slot17,type_2,17,3214.0,3217.0,3.0,00:53:34.000,00:53:37.000,3213.5,3217.5,00:53:33.500,00:53:37.500,4.0,60,0.5146199892678283,3214.9333333333334,-5.042518454493063,3215.8,5.042518454493063,-5.042518454493063,3215.8,1.0019805514643327,2.851545865556216,4.249474651813542,0.928919692720523,0.936368197669512,0.1846372901678657,0.17361061151079132,0.0641446842525979,3215.733333333333,11.232089328537173,9.700364583333334,2.6706564274952056,3216.733333333333,-1.2730569331320756,3217.0,6.131989571446645,4.424654294903617,4.0985991001129145,1.9691610515117632,0.4582883693045563,0.41936188549160663,6.998073101043701,5.561481690406799,0.7220539613251646,-0.6793519272941685,2.6706564274952056,-1.2730569331320756,0.1754946043165467,0.1846372901678657,-0.9333333333329392,1.199999999999818,0,0.3389964788732394,0.32472271126760555,0.15897496087636928,3216.6,19.796537558685447,16.88075557511737,3.5556016515015747,3214.5333333333333,-4.331516023811739,3216.8,4.3401052944410345,3.9224553655266923,0.9623557657003403,1.1890619695186615,0.8838321596244132,0.7457276995305164,4.589224338531494,4.439769291877747,3.5556016515015747,-0.3481987629821536,0.456591091408008,-4.331516023811739,0.3352112676056338,0.3389964788732394,1.2666666666668789,1.0,1,0.2597964376590331,0.24678514631043252,0.11419555767599657,3214.733333333333,16.677719465648856,12.05334764631043,7.826213172500365,3216.9333333333334,-5.618351187459977,3214.5333333333333,7.892424131944026,5.196953781269299,5.985415148735046,1.5866251349449154,0.6598441475826972,0.5853633905852417,8.878395080566406,6.10115303993225,0.5147179408256624,-5.618351187459977,7.826213172500365,-0.3808408017534638,0.2597964376590331,0.227767175572519,-1.133333333333212,-1.2666666666668789,0
type_1_slot21,type_1,21,3321.0,3325.0,4.0,00:55:21.000,00:55:25.000,3320.5,3325.5,00:55:20.500,00:55:25.500,5.0,75,7.870881818044666,3325.266666666667,0.4089713958147172,3322.0666666666666,7.870881818044666,7.870881818044666,3325.266666666667,1.8387985259303712,5.784431094317041,6.323716854278051,0.9103328721587256,0.9284138882860724,0.2558977817745803,0.212290917266187,0.07690517585931252,3322.6,12.3345698441247,9.604908573141484,0.9532661362579378,3321.4666666666667,-4.73796330914798,3321.733333333333,4.77706582345119,3.3615252130935733,3.2549282789230345,1.8843608617782592,0.5475869304556354,0.44097347122302133,5.705880641937256,4.1778878211975075,0.9532661362579378,-4.73796330914798,0.3710674530232356,-1.2106486171843045,0.2558977817745803,0.2182553956834532,3.800000000000182,-3.5333333333337578,0,0.4108861502347418,0.30915492957746477,0.11902738654147103,3321.9333333333334,21.13923122065728,13.854536384976525,5.869672183995686,3321.6666666666665,-3.216486921548237,3323.5333333333333,5.869672183995686,3.8472557348350733,1.8196434497833252,0.9539796769618989,0.7515845070422535,0.7183597417840375,6.10684061050415,4.415430116653442,5.869672183995686,-1.0797520638774256,0.4193184544374893,-3.216486921548237,0.4108861502347418,0.3242664319248826,3.600000000000364,-1.7333333333335759,0,0.3243638676844784,0.2632840330788803,0.10659648006785406,3321.9333333333334,16.46665076335878,11.349465648854963,1.9383506700253703,3322.2,-6.44281372956018,3321.5333333333333,7.704306380195741,4.880790677881437,5.4012255191802945,1.486089241504669,0.6341284987277354,0.5945419847328244,8.492337226867676,6.192218685150146,1.9383506700253703,-6.44281372956018,1.3463707343208733,-0.5029693535608659,0.3243638676844784,0.277337786259542,3.066666666667061,-3.733333333333576,0
type_2_slot18,type_2,18,3376.0,3381.0,5.0,00:56:16.000,00:56:21.000,3375.5,3381.5,00:56:15.500,00:56:21.500,6.0,90,10.540448502825312,3381.4666666666667,-5.002419575971885,3378.9333333333334,10.540448502825312,10.540448502825312,3381.4666666666667,1.6248734454925322,4.927134165302187,7.273956080828152,0.9349190016286563,0.9377458576720439,0.2216576738609112,0.19531062649880088,0.06447775113242736,3381.4666666666667,13.674497901678658,11.83206309952038,1.7491255072961225,3379.8,-0.92948971080485,3380.133333333333,4.864294537059863,4.143926542986982,3.197163367271423,3.7203087210655212,0.4468225419664268,0.40854166666666664,5.761963844299316,5.426016759872437,0.5727507287270888,-0.8210139710135674,1.7491255072961225,-0.92948971080485,0.1795488609112709,0.2216576738609112,1.666666666666515,-1.333333333333485,0,0.417018779342723,0.32835240610328637,0.14139019300991132,3378.0,21.28838028169014,18.294793133802816,3.4733148219305026,3377.9333333333334,-3.42098293198952,3379.866666666667,3.892020800472985,3.388018019855431,0.6826639056205748,2.229559898376464,0.8820422535211268,0.8248532863849766,4.2934889793396,3.8187838196754456,3.4733148219305026,-0.5711900566420962,0.4325552942068221,-3.42098293198952,0.417018779342723,0.3762030516431925,3.533333333333303,-1.599999999999909,0,0.2631679389312977,0.24412213740458014,0.09852116906983317,3378.0,14.710941475826973,13.457318702290074,4.1598353151681575,3380.133333333333,-6.2165059911176,3377.5333333333333,6.2165059911176,4.582812469057372,4.7836157321929935,2.9927053809165947,0.6659192111959288,0.568218034351145,6.643392562866211,5.412904191017151,0.6722626894875565,-6.2165059911176,4.1598353151681575,-0.4536714348337128,0.2631679389312977,0.246485368956743,1.333333333333485,-3.933333333333394,0
type_1_slot22,type_1,22,3438.0,3441.0,3.0,00:57:18.000,00:57:21.000,3437.5,3441.5,00:57:17.500,00:57:21.500,4.0,60,6.288500724047367,3439.5333333333333,0.4212435947015365,3441.0666666666666,6.288500724047367,6.288500724047367,3439.5333333333333,1.2142463591826518,4.083829199395439,4.7976176782947775,0.9084569280996441,0.9304526969250337,0.3143959832134292,0.22539943045563549,0.07874125699440444,3439.6,14.330268285371703,10.081319319544363,1.3055306684192862,3438.266666666667,-3.558208217466249,3438.733333333333,4.122655876913662,3.2089274288073986,2.7467268228530886,1.4819728076457974,0.5697467026378897,0.5113665317745802,5.3671746253967285,4.192940378189086,1.3055306684192862,-3.558208217466249,0.2425876658749545,-0.9796890280901284,0.2119904076738609,0.3143959832134292,1.2666666666664241,-0.8000000000001819,0,0.4046361502347418,0.32522300469483567,0.13773669796557114,3438.9333333333334,17.279401408450703,15.467806631455394,5.856823671695029,3438.6,-3.1316842251477315,3440.6666666666665,5.970734651733638,4.5482863058231535,1.88222100138664,1.046020621061325,0.7479166666666667,0.7055648474178404,6.360136985778809,5.273654246330262,5.856823671695029,-1.0339660739811425,0.4180287320911475,-3.1316842251477315,0.4046361502347418,0.3311326291079812,0.933333333333394,1.133333333333212,1,0.3338263358778626,0.25604802798982185,0.12004373409669207,3438.9333333333334,13.608635496183206,12.068856552162847,2.038686193680068,3441.2,-7.562104265580626,3438.4666666666667,7.685649799786415,6.598262589998226,6.6957211732864375,0.9115206927061079,0.649618320610687,0.5943797709923664,8.599878311157227,6.800192379951476,1.0660020361768971,-7.562104265580626,2.038686193680068,-0.4809748669683291,0.3338263358778626,0.2879293893129771,-1.666666666666515,-1.066666666666606,0
type_2_slot19,type_2,19,3494.0,3497.0,3.0,00:58:14.000,00:58:17.000,3493.5,3497.5,00:58:13.500,00:58:17.500,4.0,60,0.5309837880141117,3494.6,-4.907470979521179,3495.733333333333,4.907470979521179,-4.907470979521179,3495.733333333333,0.995388091180476,2.8858014586384684,4.049692770773576,0.9210708628860912,0.922433969455295,0.1869829136690647,0.16880695443645083,0.0651071642685851,3495.733333333333,10.609097721822542,9.52830035971223,2.56436460752828,3496.6666666666665,-0.947932201971684,3496.9333333333334,5.813795971351283,4.541505493399037,4.577105402946472,1.9117899894714354,0.4628297362110312,0.4226090377697841,6.279550552368164,5.34764883518219,1.1188757354305927,-0.8885022828033524,2.56436460752828,-0.947932201971684,0.1725944244604316,0.1869829136690647,-0.933333333333394,1.2000000000002728,0,0.3330105633802817,0.31803110328638495,0.1546009389671361,3494.866666666667,18.01205985915493,15.647885856807504,3.80824623763449,3494.8,-3.960216708067796,3496.733333333333,4.078126916217943,3.8990684089624286,1.0733834087848655,1.2147218406200404,0.8835680751173709,0.7530340375586855,4.485116958618164,4.2437033414840695,3.80824623763449,-0.1526591030076568,0.4543541700511612,-3.960216708067796,0.3330105633802817,0.322593896713615,0.9333333333329392,1.0,1,0.2524491094147583,0.23921835241730277,0.11355518447837144,3494.733333333333,14.578546437659034,12.180481075063614,5.412452617950655,3496.9333333333334,-5.2358330030378255,3494.5333333333333,5.708365552679472,4.884576968727722,5.528036117553711,1.4646245479583735,0.6625477099236641,0.5641611005089058,6.750912189483643,5.948110008239746,0.5106099514317315,-5.2358330030378255,5.412452617950655,-0.3090552881154165,0.2524491094147583,0.236339058524173,-1.2000000000002728,-1.199999999999818,0
type_1_slot23,type_1,23,3537.0,3541.0,4.0,00:58:57.000,00:59:01.000,3536.5,3541.5,00:58:56.500,00:59:01.500,5.0,75,7.790904077526989,3541.4,0.4532919954882572,3538.333333333333,7.790904077526989,7.790904077526989,3541.4,1.6722014792314561,5.30505953644695,6.024536332978931,0.9275237629178522,0.949278072856385,0.3171312949640287,0.2247796762589927,0.08082543964828134,3538.8,14.39933303357314,10.28730590527578,1.1549014660682029,3537.4666666666667,-1.2634769289366403,3539.866666666667,5.113555765426099,3.1342010150246153,2.6281212091445916,2.43991265296936,0.5857464028776979,0.5019499400479616,5.750030994415283,3.8452341556549063,1.1549014660682029,-0.8388641737226769,0.4414788749377501,-1.2634769289366403,0.3171312949640287,0.2348096522781774,3.933333333333394,-1.533333333333303,0,0.3380281690140845,0.2921156103286385,0.10496752738654144,3538.133333333333,15.275469483568076,13.924961854460092,5.97340175681133,3537.8,-3.080813924358359,3539.866666666667,6.283940319756903,3.7483798737110314,2.450839185714721,0.9823361933231353,0.6876760563380282,0.649656690140845,6.886816501617432,4.5770221710205075,5.97340175681133,-1.495177401595341,0.4738941300912115,-3.080813924358359,0.3380281690140845,0.2950117370892018,3.599999999999909,-1.533333333333303,0,0.3438613231552163,0.26960082697201015,0.10594614079728579,3539.8,13.877639949109415,11.200275127226458,2.579236278268989,3540.266666666667,-8.285741264605962,3536.9333333333334,8.285741264605962,7.263225022083114,4.54162969589233,1.4358775734901426,0.6073950381679389,0.5969322519083969,8.94698429107666,8.38436050415039,0.846655451833269,-8.285741264605962,2.579236278268989,-0.4899360532990636,0.2563613231552162,0.3438613231552163,1.133333333333212,-4.466666666666697,0
type_2_slot20,type_2,20,3595.0,3598.0,3.0,00:59:55.000,00:59:58.000,3594.5,3598.5,00:59:54.500,00:59:58.500,4.0,60,0.542061052974816,3597.9333333333334,-5.186258034879813,3596.8,5.186258034879813,-5.186258034879813,3596.8,1.0107738072695924,2.9574927329203042,3.9700679910416254,0.9207161981236494,0.9300886293764468,0.195728417266187,0.15744716726618702,0.06159372501998399,3596.8,11.307591426858512,8.79755133393285,1.052133410091559,3597.733333333333,-1.107283751262738,3598.0,4.973113594236729,3.983955694851994,3.907328140735626,2.0326740741729727,0.4421687649880096,0.400958857913669,5.810454368591309,4.9293787479400635,0.7307293411889489,-0.6839946412202083,1.052133410091559,-1.107283751262738,0.1720623501199041,0.195728417266187,-0.9333333333329392,1.199999999999818,0,0.3407570422535211,0.3256587441314554,0.1557707355242566,3596.0,18.097271126760564,16.33595950704225,3.6877111716450393,3595.6,-4.088112638682486,3598.0,4.459650396803166,3.7997347011662512,0.9675903677940366,1.1486153841018671,0.9011150234741784,0.7315903755868545,4.802372455596924,4.109641122817993,3.6877111716450393,0.0,0.39815172679563,-4.088112638682486,0.3407570422535211,0.3338321596244131,1.2000000000002728,1.199999999999818,1,0.2539599236641221,0.2407307569974554,0.11198950381679387,3595.8,14.59788486005089,11.951906806615776,7.640398750324003,3598.0,-6.14021455065123,3595.6,8.284765665415467,4.8864820117195125,4.905775260925292,1.7231690943241118,0.6593193384223919,0.555535941475827,9.157835960388184,5.861559343338013,0.5009353646117176,-6.14021455065123,7.640398750324003,-0.3531517866849862,0.2539599236641221,0.2388199745547073,-1.199999999999818,-1.2000000000002728,0
type_2_slot21,type_2,21,3745.0,3749.0,4.0,01:02:25.000,01:02:29.000,3744.5,3749.5,01:02:24.500,01:02:29.500,5.0,75,6.853627178032639,3749.4666666666662,-5.134369547265919,3747.133333333333,6.853627178032639,6.853627178032639,3749.4666666666662,1.2645959648077503,3.9920517855684015,5.062832987539537,0.9156018555183565,0.9256246377073688,0.2403477218225419,0.1834952038369304,0.06599470423661069,3747.133333333333,12.606504796163067,9.874015287769783,1.1382343055660311,3747.933333333333,-1.1051899779934553,3748.4,4.585329928031052,3.7588817444591296,3.238489389419555,2.3791220188140865,0.5638339328537171,0.45242580935251786,5.468848705291748,4.7308897972106925,0.5915438716776839,-0.6975239312311954,1.1382343055660311,-1.1051899779934553,0.1627847721822542,0.2403477218225419,1.533333333333303,-1.0666666666661513,0,0.3335387323943662,0.322831572769953,0.14098748043818463,3749.4666666666662,17.67981220657277,16.226866197183096,3.878328243732596,3746.133333333333,-4.747783756042931,3748.3333333333335,4.747783756042931,3.8601282701550983,1.1126420497894287,1.4611694216728208,0.8682218309859155,0.8012059859154929,5.136637210845947,4.15796685218811,3.878328243732596,-1.7418922237546388,0.4293904483586757,-4.747783756042931,0.3281983568075117,0.3335387323943662,3.33333333333303,-1.1333333333327573,0,0.246882951653944,0.22589376590330784,0.10056679389312974,3747.133333333333,13.007983460559796,12.25905375318066,7.854998739338715,3748.3333333333335,-5.597979787523912,3745.933333333333,8.065365832039284,4.54270090120815,4.801148796081542,1.8804670095443716,0.6786100508905852,0.565316475826972,8.944337844848633,5.441121959686279,1.8632890168595884,-5.597979787523912,7.854998739338715,-0.3840821825995753,0.2388358778625954,0.246882951653944,1.1333333333327573,-3.533333333333303,0
type_1_slot24,type_1,24,3815.0,3818.0,3.0,01:03:35.000,01:03:38.000,3814.5,3818.5,01:03:34.500,01:03:38.500,4.0,60,6.183069103017374,3816.6666666666665,0.4677385916614867,3817.6,6.183069103017374,6.183069103017374,3816.6666666666665,1.227307305922442,3.966551040799067,5.084773712217237,0.9395157012949656,0.9639393602159287,0.3072467026378896,0.24912170263788969,0.07718200439648279,3816.733333333333,14.502233213429257,12.53183715527578,0.9724811266457928,3815.6,-2.441925482497321,3817.8,3.986150073464743,3.7131742850344414,3.0312334537506094,1.6397084712982177,0.6353567146282973,0.5860851318944844,5.320813655853272,4.447551226615905,0.9724811266457928,-1.227754193361032,0.5271243961550693,-2.441925482497321,0.1530950239808153,0.3072467026378896,1.066666666666606,1.1333333333336668,1,0.3179284037558685,0.29761883802816896,0.1268569053208137,3815.933333333333,17.306895539906105,13.973864436619717,4.67844786480975,3815.733333333333,-2.729399492371853,3817.933333333333,5.3159793418126124,4.368307575975908,2.661272144317627,0.9802462369203564,0.651731220657277,0.6501232394366198,6.0004563331604,5.331551361083984,4.67844786480975,-1.435790593998998,0.4060792546070706,-2.729399492371853,0.3179284037558685,0.3108274647887324,0.933333333333394,1.2666666666664241,1,0.3848918575063613,0.2980979643765902,0.12608990670059367,3817.733333333333,22.730741094147582,16.15310353053435,2.921827784852,3818.133333333333,-7.305781589639092,3814.866666666667,7.703110581584608,5.549355435736463,3.4067067503929085,0.868481945991516,0.6573314249363867,0.6427735368956743,9.0179443359375,5.911019563674923,0.8954477226119395,-7.305781589639092,2.921827784852,-0.792391969552384,0.252751272264631,0.3848918575063613,-1.466666666666697,-1.7999999999997272,0
type_2_slot22,type_2,22,3870.0,3874.0,4.0,01:04:30.000,01:04:34.000,3869.5,3874.5,01:04:29.500,01:04:34.500,5.0,75,5.649618898001904,3874.4666666666662,-5.054619923078633,3872.266666666667,5.649618898001904,5.649618898001904,3874.4666666666662,1.1198544441501546,3.778624633490439,4.512105526740089,0.923385925927433,0.9362957715446566,0.2181429856115108,0.168054556354916,0.05946652677857711,3872.2,10.767648381294965,9.061259742206232,1.3493285584862074,3873.2,-1.7202370012219697,3870.866666666667,5.002736115919522,4.01002640326282,3.6017758846282946,2.1275001764297485,0.5251648681055155,0.4501086630695443,5.841006755828857,5.088966083526611,0.6081320798188188,-1.7202370012219697,1.3493285584862074,-0.6329500581730311,0.1674835131894484,0.2181429856115108,1.2666666666664241,-3.5999999999994543,0,0.3862089201877934,0.3158362676056338,0.1279612676056338,3871.4666666666662,19.311414319248826,14.845774647887325,3.887444989977392,3871.266666666667,-4.455756668671967,3873.266666666667,4.465023339745656,3.87718657836192,0.845672625303268,1.22234913110733,0.877112676056338,0.7164231220657277,4.808658599853516,4.216579866409302,3.887444989977392,-0.0828278875800145,0.3784057246543261,-4.455756668671967,0.3862089201877934,0.3182805164319249,3.1999999999993634,-1.1999999999993634,0,0.2455152671755725,0.23250477099236638,0.09141963528413909,3871.533333333333,12.384303435114504,11.292544529262088,7.84310588515202,3873.4666666666662,-4.597080972514193,3871.0,7.84310588515202,4.399566790624698,4.491643285751342,1.829031896591186,0.6627385496183206,0.541517175572519,8.469310760498047,5.34279851913452,0.2900905919873351,-4.597080972514193,7.84310588515202,-0.3486309228198854,0.2455152671755725,0.2323473282442748,1.0,-3.4666666666662422,0
type_1_slot25,type_1,25,3918.0,3922.0,4.0,01:05:18.000,01:05:22.000,3917.5,3922.5,01:05:17.500,01:05:22.500,5.0,75,5.8540334827208085,3919.6666666666665,0.4303527181991171,3920.4666666666662,5.8540334827208085,5.8540334827208085,3919.6666666666665,1.0737266275920267,3.5686744861650985,4.694633130926228,0.9266021253201205,0.95497812831549,0.2789193645083933,0.17699190647482005,0.06908233413269381,3922.3333333333335,14.23212679856115,8.975023231414866,4.028768493041424,3918.0,-1.23676076668338,3920.8,5.644574176403776,4.4523408562060816,4.169068241119384,1.3744836330413817,0.4768660071942446,0.45228267386091126,6.418985366821289,4.97148118019104,4.028768493041424,-0.5102911312714835,0.6073688890099138,-1.23676076668338,0.2005395683453237,0.2789193645083933,1.666666666666515,1.1333333333336668,1,0.3519659624413145,0.287981220657277,0.1215457746478873,3922.3333333333335,20.466343896713614,15.435909624413144,5.0276824784758105,3918.533333333333,-3.093174953708026,3920.8,5.526157956943269,4.308801344375065,2.7917419433593746,1.1617693424224849,0.6263791079812207,0.6165727699530517,7.398907661437988,5.243517160415649,5.0276824784758105,-1.804168347661948,1.4944695586440284,-3.093174953708026,0.3102992957746479,0.3519659624413145,1.1333333333336668,1.1333333333336668,1,0.4322519083969465,0.2445388040712468,0.1202453350296861,3922.3333333333335,22.705470737913487,12.830368956743001,3.299784582956481,3921.2,-6.4679040669877885,3918.533333333333,6.584666215785489,5.359490630649266,4.145997190475463,0.9965472280979156,0.6533396946564886,0.5557490458015266,7.963468551635742,6.530801296234128,1.6061768853694576,-6.4679040669877885,3.299784582956481,-2.041141037615401,0.248441475826972,0.4322519083969465,-1.533333333333303,-1.1333333333336668,0
type_2_slot23,type_2,23,4009.0,4013.0,4.0,01:06:49.000,01:06:53.000,4008.5,4013.5,01:06:48.500,01:06:53.500,5.0,75,0.6377350640481723,4010.533333333333,-5.106611208920185,4011.4666666666662,5.106611208920185,-5.106611208920185,4011.4666666666662,0.9000850650490428,2.6256389497899617,3.687459088936509,0.9372497567373519,0.9663463012695312,0.2106489808153477,0.13739508393285368,0.03945853317346121,4011.4666666666662,9.730110911270984,6.56859262589928,1.7811407136531832,4010.933333333333,-0.5680137056484289,4011.266666666667,6.9357343158998175,4.319641180940289,3.460342359542844,1.8401037693023679,0.5093974820143885,0.4584247601918464,7.817717552185059,5.21252584457397,1.7811407136531832,-0.565846458146444,0.7907854252210931,-0.5680137056484289,0.1414493405275779,0.2106489808153477,0.533333333333303,-0.19999999999936335,0,0.3210680751173709,0.25475352112676053,0.0912558685446009,4011.4666666666662,14.798855633802816,12.741575704225351,3.997835399978997,4010.4666666666662,-3.4743816964043024,4012.533333333333,4.217226787253075,3.168842579696689,0.8022743582725519,1.1633260607719416,0.8528462441314554,0.6684448356807512,4.798810005187988,3.862513971328735,3.997835399978997,-0.3636589967819516,1.4551508887653457,-3.4743816964043024,0.2899647887323943,0.3210680751173709,1.0,1.066666666666606,1,0.2506997455470738,0.19233778625954193,0.06552777777777775,4011.4666666666662,9.592382315521627,9.33352417302799,5.400202569804375,4012.8,-5.187967079994736,4010.266666666667,6.76746579132111,4.552900342805438,4.503945446014404,1.3725151538848877,0.7378975826972011,0.5628117048346055,7.126032829284668,5.224487590789794,0.759300162658421,-5.187967079994736,5.400202569804375,-0.4332737556531346,0.2015426208651399,0.2506997455470738,-1.3333333333339397,-1.1999999999993634,0
type_2_slot24,type_2,24,4238.0,4242.0,4.0,01:10:38.000,01:10:42.000,4237.5,4242.5,01:10:37.500,01:10:42.500,5.0,75,0.6881193236052354,4239.333333333333,-5.086482899255429,4240.0,5.086482899255429,-5.086482899255429,4240.0,0.8728227663714627,2.6306182356673307,3.797650140417584,0.9284499172094841,0.949443305422936,0.1907748800959232,0.14340077937649875,0.041485611510791345,4239.933333333333,10.30363459232614,6.748391037170261,53.5385665936448,4237.533333333334,-0.8079489031308688,4241.466666666666,53.5385665936448,51.83840196707276,57.503408432006836,2.755671191215515,0.5022257194244605,0.4222969124700238,60.1492919921875,57.60032844543457,53.5385665936448,-0.5424517806642827,0.7480646447317705,-0.8079489031308688,0.1907748800959232,0.168660071942446,2.4666666666662422,1.4666666666662422,1,0.2713321596244131,0.23978286384976524,0.09095070422535208,4239.2,14.607775821596244,12.317963615023475,3.772106718569545,4238.933333333333,-3.4403095821903253,4241.0,4.030360570963024,3.326225476865332,0.7455393195152282,1.0086561679840085,0.8667546948356808,0.6535680751173709,4.940070152282715,3.797759246826172,3.772106718569545,-0.1406573418542884,0.664120522055162,-3.4403095821903253,0.2713321596244131,0.2348298122065727,1.066666666666606,1.0,1,0.196882951653944,0.1835814249363867,0.06595229007633585,4239.133333333333,11.602480916030537,9.445860368956739,3.505169508092205,4241.0,-2.580198062654305,4238.6,7.019347286056784,4.142809366470922,3.7514628887176498,1.2797915697097773,0.6383905852417303,0.5125667938931298,7.714881896972656,4.750331687927246,1.3679610524737655,-2.580198062654305,3.505169508092205,-0.726373187857596,0.196882951653944,0.177369592875318,-1.0,-1.3999999999996362,0
type_2_slot25,type_2,25,4345.0,4349.0,4.0,01:12:25.000,01:12:29.000,4344.5,4349.5,01:12:24.500,01:12:29.500,5.0,75,0.6606184909381341,4345.866666666667,-5.128338775744908,4346.6,5.128338775744908,-5.128338775744908,4346.6,0.9008203291759825,2.6090824805424258,3.7520548193334378,0.929781072859399,0.9593603771821952,0.2992580935251798,0.16815272781774568,0.05719604316546759,4349.066666666667,16.272092326139088,8.488043315347719,2.2333323922532307,4345.533333333334,-0.8811380278962753,4345.2,3.6463289265007255,3.317455655358787,2.797310662269592,1.7965444207191459,0.4879121702637889,0.4225247302158273,4.879693984985352,4.303507137298584,2.2333323922532307,-0.8811380278962753,0.6643754177637979,-0.8212779373680146,0.2000524580335731,0.2992580935251798,1.066666666666606,-1.4000000000005457,0,0.5022300469483568,0.26971244131455396,0.12111345852895146,4349.066666666667,26.704606807511738,15.449577464788732,3.736355106412141,4345.466666666666,-5.795930395253038,4347.733333333334,6.020630050902003,3.940854143262173,1.1249212622642513,1.180493915081024,0.8543133802816901,0.6125352112676056,6.841197967529297,4.980501413345336,3.736355106412141,-0.0267152484140325,2.20054318867296,-5.795930395253038,0.272300469483568,0.5022300469483568,1.1333333333341216,1.133333333333212,1,0.5218193384223918,0.23079516539440195,0.10928117048346053,4349.066666666667,26.89756679389313,12.777313931297709,7.423288814791407,4347.733333333334,-3.993861630940292,4348.6,8.06725672607799,6.143392703625481,3.616011238098144,1.445683538913726,0.7101145038167939,0.5494195292620865,10.338233947753906,7.250175571441649,0.3833197928220459,-3.336884228751666,7.423288814791407,-3.993861630940292,0.2277989821882951,0.5218193384223918,-1.133333333333212,2.0,0
