feature,type1_mean,type1_std,type1_min,type1_max,type2_mean,type2_std,type2_min,type2_max,effect_size,direction
cst_dy_min,0.4386317594237615,0.022004917823452735,0.3765975179858287,0.4788063895833829,-5.026995478883223,0.09153153846472824,-5.186258034879813,-4.87535402604334,82.10758512429399,type2_lower
blade2_radial_max,5.644235035079068,0.5423896141819264,4.556181916057247,6.395388299946356,3.649972646890424,0.23607263577676502,2.890231875005261,3.997835399978997,4.767765754706862,type2_lower
blade3_second_radial_max,1.7518511737111522,0.6594283042978469,0.8128662245238188,3.3008316847539296,5.96857552336225,1.259657228378109,3.505169508092205,7.860359705322564,4.194155483031413,type2_higher
blade3_radial_max,1.8584628228125792,0.6039566306419342,1.067788998037635,3.3008316847539296,5.96857552336225,1.259657228378109,3.505169508092205,7.860359705322564,4.160872965854365,type2_higher
blade2_active_max,0.7503826780125196,0.04237104882091083,0.6263791079812207,0.8070129107981221,0.8724647887323944,0.019087450712041747,0.8161384976525822,0.9011150234741784,3.715152902004101,type2_higher
blade2_first_radial_max,5.587166223999816,0.6122599683993135,4.253497155305944,6.395388299946356,3.220913006684234,1.0394878291132026,0.423586188633878,3.997835399978997,2.773865796144098,type2_lower
blade2_second_radial_min,-3.332880299743781,0.20661155503214043,-3.633779287338257,-2.729399492371853,-4.145105426334249,0.4651756025948938,-5.795930395253038,-3.42098293198952,2.256717829951626,type2_lower
blade2_flow_x_abs_p95,1.6791981135805443,0.5130017189020192,1.105416107177734,2.7917419433593746,0.8782164740562436,0.1634306190344492,0.6826639056205748,1.3073974847793561,2.1039149749045243,type2_lower
blade1_second_radial_max,0.416981514047347,0.10477911643902862,0.2425876658749545,0.6073688890099138,2.0796670851795707,1.3278121729296148,0.6462201890381716,5.957786630394374,1.7653893612749714,type2_higher
blade1_radial_min,-4.5084047668850955,2.592603133307542,-9.851274221869012,-1.23676076668338,-1.2331575281426748,0.4585521061700937,-2.120370401247808,-0.4985638310009638,1.7592767488758128,type2_higher
blade1_first_radial_min,-4.379581681342553,2.7432440231543382,-9.851274221869012,-0.5102911312714835,-0.9240386893950924,0.4734287355433373,-1.8941004506829155,-0.3537186897886153,1.755471671686252,type2_higher
blade3_motion_max,0.3481048558100084,0.026875457259293484,0.2998568702290076,0.4322519083969465,0.2722334605597964,0.05852899846743559,0.196882951653944,0.5218193384223918,1.6660082851916398,type2_lower
blade2_flow_y_abs_p95,0.9587782743076482,0.08299116143073502,0.7689699947834014,1.1617693424224849,1.2950841962099071,0.2846513760281182,0.961979880928993,2.229559898376464,1.60406012757757,type2_higher
blade2_radial_min,-3.332880299743781,0.20661155503214043,-3.633779287338257,-2.729399492371853,-4.292139438564964,0.8544327272711794,-7.733439411020356,-3.42098293198952,1.5432391389287943,type2_lower
blade3_first_motion_max,0.3229710029686174,0.05551258565085667,0.1217239185750636,0.3738867684478371,0.23729134860050888,0.06133191964559641,0.0604166666666666,0.3170006361323155,1.4647430702635196,type2_lower
cst_dy_abs_peak_signed,6.797462443249114,0.847724791965112,5.8540334827208085,7.870881818044666,0.0857451386890829,6.4953213587479155,-5.186258034879813,10.540448502825312,1.449039897018386,type2_lower
blade2_magnitude_p95,4.584643251697222,0.4349466068389804,3.987527465820312,5.539496803283687,4.073790730476379,0.24802645274852075,3.797759246826172,4.980501413345336,1.4429029478966122,type2_lower
cst_dy_abs_p90,4.392282895697005,0.8490829658407935,3.049556518971097,5.784431094317041,3.167032513388366,0.9684757413600794,0.5434308395753534,4.927134165302187,1.3453380446412442,type2_lower
blade3_active_max,0.6215065733672603,0.04019740329425119,0.5388517811704835,0.6826653944020357,0.6925521628498729,0.06348049654365202,0.6383905852417303,0.8555025445292621,1.3372016011335808,type2_higher
cst_dy_abs_p95,5.369653320067113,0.6027520252163077,4.608690000417391,6.323716854278051,4.4251507814405695,0.9671703178475861,2.770027357283558,7.273956080828152,1.172084584282808,type2_lower
blade1_radial_max_to_cst_sec,2.4305555555555727,1.4960145658784891,0.40000000000009095,5.7999999999999545,0.5493333333333339,1.717047422714825,-1.8000000000000682,6.2000000000000455,1.168223133476401,type2_lower
blade3_flow_y_abs_p95,1.2164999306201933,0.3745153597729387,0.8301770955324171,2.1596544027328486,1.6660986020565032,0.39611760707198634,1.2156422674655907,2.9927053809165947,1.1663714148789355,type2_higher
cst_dy_abs_mean,1.367044302318888,0.2935612080613865,0.9804296628681249,1.8387985259303712,1.0751553844645712,0.23841641162810118,0.746843546829253,1.6248734454925322,1.0915241645285494,type2_lower
cst_dy_max,6.797462443249114,0.847724791965112,5.8540334827208085,7.870881818044666,4.011354447109782,3.5168770359720534,0.5146199892678283,10.540448502825312,1.089160479335975,type2_lower
blade3_motion_p95,0.26184866014631036,0.02431364829436823,0.20793018447837142,0.2980979643765902,0.23715038167938926,0.022377020455671023,0.1835814249363867,0.2839153944020355,1.0570446262413093,type2_lower
blade2_magnitude_max,6.495434403419495,0.7966158760228612,5.533988952636719,9.195165634155272,5.192088794708252,1.6266395044084343,4.25669527053833,11.56981086730957,1.0176561608762429,type2_lower
blade3_first_radial_min,-6.78322921778027,1.2778975417221967,-8.426603771300652,-3.079917300412488,-5.404568946453902,1.4500417509933994,-8.278087251583703,-1.8441749354905577,1.0087639735201772,type2_higher
blade1_motion_p95,0.1970347940397681,0.02796432268902859,0.13424872601918458,0.24912170263788969,0.1732008842925659,0.0202080711215706,0.13739508393285368,0.22508205935251774,0.9769433841962492,type2_lower
blade2_first_motion_max,0.38531518974960877,0.05371938387394185,0.1836854460093896,0.4320422535211267,0.31571361502347417,0.0883067774620137,0.0881748826291079,0.4227406103286385,0.9522916722731842,type2_lower
blade1_flow_y_abs_p95,1.6348354426523048,0.4004791183658534,1.2051468729972838,2.565200936794281,2.0741968967914577,0.5587253281389074,1.4031096041202542,3.7203087210655212,0.903877577573095,type2_higher
blade2_radial_abs_p95,3.9182127486134832,0.31395868585055403,3.4841306599311626,4.705944039118118,3.684668330181708,0.20366115792702025,3.168842579696689,3.940854143262173,0.8825638872224036,type2_lower
blade2_radial_abs_max,5.804208850232052,0.7242308662744609,4.577137567510892,8.413137239338186,4.747500611290403,1.5654566525342282,3.890155236092408,11.17458535440457,0.8663922764637197,type2_lower
blade2_active_p95,0.7142991368348982,0.03817844484255551,0.6165727699530517,0.7827142018779343,0.7510859741784037,0.05315549657513281,0.6125352112676056,0.8506924882629108,0.7949289601442077,type2_higher
blade3_radial_min,-6.78322921778027,1.2778975417221967,-8.426603771300652,-3.079917300412488,-5.72487631228176,1.4039056507842647,-9.194881678998351,-2.580198062654305,0.7884147263674888,type2_higher
blade1_second_motion_max,0.24347678107513984,0.03431695138329522,0.1756145083932853,0.3143959832134292,0.2181708633093525,0.032203700088125016,0.1411570743405275,0.2992580935251798,0.7604603124956922,type2_lower
blade3_second_motion_max,0.29843219889737066,0.04356691232141768,0.2316316793893129,0.4322519083969465,0.25802162849872773,0.06218206772544151,0.177369592875318,0.5218193384223918,0.7527004452927083,type2_lower
blade2_second_motion_max,0.32491197183098586,0.020670508877124325,0.2950117370892018,0.3884389671361502,0.3509917840375587,0.04643553979604353,0.2348298122065727,0.5022300469483568,0.7256258780215189,type2_higher
blade2_motion_max,0.39558269757433484,0.02850067163097151,0.3179284037558685,0.4320422535211267,0.3683708920187794,0.04507828997109105,0.2713321596244131,0.5022300469483568,0.7215751419588026,type2_lower
cst_phase_response_mean,0.9178301836666488,0.011374018964596574,0.898510632220484,0.9397122588179893,0.9263823256722481,0.013011972586760416,0.8982506151122419,0.9520266084247686,0.6998210806551747,type2_higher
blade1_motion_mean,0.06292274895361485,0.01110206503911914,0.034207966959765496,0.08082543964828134,0.055501142958648934,0.012549006619854154,0.03252978866906473,0.078583932853717,0.626420320894382,type2_lower
blade1_motion_max,0.24959376249000798,0.03554755747014845,0.1756145083932853,0.3171312949640287,0.22742985611510785,0.03687268409764474,0.1846372901678657,0.3505170863309352,0.6119890381079016,type2_lower
blade3_radial_max_to_cst_sec,0.6944444444444867,1.7581189625945366,-1.7333333333333485,3.2000000000000455,-0.21333333333337806,1.1866541822064836,-1.3333333333339397,1.3999999999999204,0.6052436656593781,type2_lower
blade1_diff_p95,9.819358279001797,0.9813190804245107,7.611839028776976,12.53183715527578,9.222086375899279,1.1255195488136969,6.56859262589928,11.83206309952038,0.5656606125581903,type2_lower
blade1_first_motion_max,0.19680162120303754,0.054557359641392314,0.0236660671462829,0.3171312949640287,0.1623815947242206,0.06826529852115115,0.0002098321342925,0.3505170863309352,0.5570248502269668,type2_lower
blade1_active_max,0.467994042266187,0.06428903721575088,0.3761615707434053,0.6353567146282973,0.498724520383693,0.044282845791020056,0.3716876498800959,0.5638339328537171,0.5567128967118462,type2_higher
blade2_second_radial_max,0.7410770372742257,1.0684945161467658,0.3615705429251685,5.623148621208019,1.38904302469104,1.2640462187268215,0.2316571799581059,3.768289098124611,0.553645890206886,type2_higher
cst_phase_response_p50,0.9280537581133744,0.016791789826498055,0.903952598138503,0.9639393602159287,0.9376032247435017,0.018218061140715804,0.9025853909716195,0.9663463012695312,0.5450781250635776,type2_higher
blade3_diff_max,16.54144600826972,3.189497755830016,13.608635496183206,27.40893765903308,15.018967557251909,2.958731915262781,9.592382315521627,26.89756679389313,0.4949090213991483,type2_lower
cst_dy_abs_peak,6.797462443249114,0.847724791965112,5.8540334827208085,7.870881818044666,6.150677962185357,1.6702496088305914,4.898309503459871,10.540448502825312,0.488339470107523,type2_lower
blade3_first_radial_max,1.2197905039622938,0.42093124710878904,0.5414847442599546,1.961782395102465,0.8994022038768942,0.8917518779590117,0.268348410487103,4.413758879182442,0.4594816374332888,type2_lower
blade3_radial_abs_p95,4.88315938763526,0.8269949386001806,3.6923870917482584,7.263225022083114,4.575092075904084,0.49236295620177445,3.503005884085171,6.143392703625481,0.45266296142407,type2_lower
blade3_magnitude_p95,5.874923811356226,0.8501704955078693,4.741971588134765,8.38436050415039,5.563244132995604,0.531463229983284,4.746829843521118,7.250175571441649,0.43963063527573343,type2_lower
blade1_radial_max,1.1387012269808645,1.1108320323002547,0.5003774462432086,5.109909741997447,4.35013763767907,10.316001851957495,0.6521024007521771,53.5385665936448,0.43772319239786334,type2_higher
blade2_diff_p95,15.409450007335678,0.8727519519945999,13.854536384976525,17.201534624413146,15.86223145539906,1.38708991006794,12.317963615023475,18.294793133802816,0.39072725742682723,type2_higher
blade3_motion_mean,0.10019053267246249,0.01700272159952252,0.05925272123268305,0.12608990670059367,0.09275183076524358,0.021680625359396636,0.06113632079917065,0.1289297073791348,0.38181292591457666,type2_lower
blade1_cst_to_radial_min_sec,-1.6833333333333573,1.5277465960806489,-3.5333333333337578,1.1333333333336668,-0.9839999999999668,2.33462503928875,-7.866666666666674,1.4666666666662422,0.35447394544469335,type2_higher
blade1_active_p95,0.4028934040267785,0.06476126225449413,0.3060375449640288,0.5860851318944844,0.4203966726618705,0.040470156772067584,0.3246065647482014,0.49332771282973614,0.3241386428296483,type2_higher
blade2_motion_p95,0.31972650136932707,0.023875893666924074,0.27403609154929576,0.3723444835680751,0.31209865023474176,0.02369479609688139,0.23978286384976524,0.33588028169014084,0.32069309481766684,type2_lower
blade2_motion_mean,0.11969916780777252,0.015197749625945724,0.08657505216484086,0.14156298904538336,0.12634919793452068,0.026548135360635397,0.08664710485133019,0.1606744913928012,0.3074346909253572,type2_higher
blade1_radial_max_time,2078.2277777777776,1186.3778269085926,226.33333333333331,3918.0,2440.4906666666666,1232.9137642007067,474.8666666666667,4345.533333333334,0.2994230958899899,type2_higher
blade3_radial_max_time,2079.963888888889,1186.0969557324331,228.86666666666667,3921.2,2441.253333333333,1233.0183509192814,475.06666666666666,4347.733333333334,0.2986393435039907,type2_higher
blade1_radial_min_time,2078.975,1186.6867018032665,226.66666666666663,3920.8,2440.0559999999996,1233.5098075966146,474.3333333333333,4345.2,0.2983339917686114,type2_higher
blade2_motion_peak_time,2079.0444444444443,1186.544539337874,226.8,3922.3333333333335,2439.869333333333,1233.4618810606307,473.1333333333333,4349.066666666667,0.2981455701457934,type2_higher
cst_dy_max_time,2080.6583333333333,1185.9634945319012,230.06666666666663,3919.6666666666665,2441.12,1232.3168417734614,476.4666666666666,4345.866666666667,0.29805929544316107,type2_higher
cst_dy_abs_peak_time,2080.6583333333333,1185.9634945319012,230.06666666666663,3919.6666666666665,2441.0399999999995,1232.7226848637847,476.4666666666666,4346.6,0.2979421995775792,type2_higher
blade2_radial_max_time,2078.608333333333,1186.3160995466083,226.46666666666667,3918.533333333333,2439.061333333333,1232.9771037975072,472.8666666666667,4345.466666666666,0.29792666367354836,type2_higher
blade1_motion_peak_time,2080.0083333333337,1186.4683037778823,227.4,3922.3333333333335,2440.424,1233.2769772229383,473.0,4349.066666666667,0.2978398207095641,type2_higher
cst_dy_min_time,2079.838888888889,1186.5779255072662,226.0,3920.4666666666662,2440.0933333333332,1233.0102880229226,473.9333333333333,4346.6,0.2977268003455577,type2_higher
blade2_radial_min_time,2080.597222222222,1186.4040485301625,228.26666666666668,3920.8,2440.88,1233.3979798372732,474.9333333333333,4347.733333333334,0.297722583016494,type2_higher
blade3_radial_min_time,2078.211111111111,1186.475104334056,226.33333333333331,3918.533333333333,2438.445333333333,1233.8722674932317,472.6666666666667,4348.6,0.29761444486737804,type2_higher
blade3_motion_peak_time,2079.3527777777776,1186.770134795357,226.8,3922.3333333333335,2439.4506666666666,1233.296077707575,473.0,4349.066666666667,0.2975384382306806,type2_higher
blade1_diff_max,12.914267960631493,2.175924732934015,8.65435401678657,20.13256145083933,12.288548561151082,2.0991292282389837,9.730110911270984,19.69443195443645,0.29268330749571275,type2_lower
blade1_first_radial_max,1.1387012269808645,1.1108320323002547,0.5003774462432086,5.109909741997447,3.237491893844419,10.501000760246615,0.4651791586151099,53.5385665936448,0.28108457893358785,type2_higher
blade3_second_radial_min,-1.028055996954985,0.9019686690743356,-4.875285673394647,-0.2516063895388738,-1.5230923054532526,2.3269006632718776,-9.194881678998351,-0.1566018123096499,0.28052867152969213,type2_lower
blade1_radial_abs_p95,3.8230627115215428,0.48583193412416015,3.120258391894916,5.077533678428006,5.665838923303646,9.632346560079961,2.682898249903516,51.83840196707276,0.2702114737723117,type2_higher
blade1_magnitude_p95,4.858235243956247,0.4725369429038236,3.8452341556549063,5.970521974563598,6.840308814048767,10.588264379941563,3.4549195766448975,57.60032844543457,0.26447092334737643,type2_higher
blade2_first_radial_min,-1.1976155744690842,0.35521031358365024,-1.9310250357459275,-0.5365689520081026,-0.9214560986958101,1.5508367793409485,-7.733439411020356,0.0,0.24547416426608068,type2_higher
blade1_flow_x_abs_p95,3.6198271562655755,0.5976149671019585,2.6281212091445916,5.237313151359558,5.451642722606659,10.860483888969036,2.15531573295593,57.503408432006836,0.23817219330778652,type2_higher
blade3_active_p95,0.5901193410729432,0.03866968102211038,0.5007729007633588,0.6427735368956743,0.5807298982188295,0.05174991657774723,0.5125667938931298,0.7181297709923663,0.20554641860220546,type2_lower
blade1_second_radial_min,-1.103657190481907,0.46426769893284586,-2.441925482497321,-0.6099747042368066,-1.0187204891633548,0.4230609721852055,-2.120370401247808,-0.4985638310009638,0.19123750919038313,type2_higher
blade1_sequence_pos_cst_neg,0.08333333333333333,0.28232985128663995,0.0,1.0,0.04,0.2,0.0,1.0,0.1771216368867174,type2_lower
blade3_diff_p95,12.289214807304917,1.5300959435269814,9.306596692111958,16.15310353053435,12.09288094783715,1.0766235444690053,9.33352417302799,14.004915712468193,0.14840783597183993,type2_lower
blade3_radial_abs_max,7.083981928922097,1.0300120412582439,4.543171291696612,8.426603771300652,6.936241193158587,1.1379431930628197,5.224376837941914,9.194881678998351,0.13612641409099066,type2_lower
blade2_diff_max,18.929169111893586,1.640375930738231,15.275469483568076,22.19762323943662,19.162102112676056,2.3508225679753254,14.607775821596244,26.704606807511738,0.11491695035233951,type2_higher
blade1_radial_abs_max,6.367807651727379,1.6836358601215327,3.986150073464743,9.868436998081824,7.084439640427814,9.724862609855634,3.6463289265007255,53.5385665936448,0.10268684378885701,type2_higher
blade1_magnitude_max,7.506422221660614,1.7239497758978566,5.320813655853272,10.98550510406494,8.280644798278809,10.845276775089298,4.60128927230835,60.1492919921875,0.09970605292228261,type2_higher
blade3_cst_to_radial_min_sec,-2.447222222222269,1.5017515270354704,-4.600000000000136,-1.0,-2.594666666666642,2.1900380514198283,-7.7999999999999545,2.0,0.07852390832425381,type2_lower
blade2_cst_to_radial_min_sec,-0.06111111111110527,1.3833959010354728,-1.8000000000000114,1.2666666666664241,-0.15999999999996817,1.7341878235667576,-6.2000000000000455,1.2000000000000455,0.06304161884297681,type2_lower
blade2_radial_max_to_cst_sec,2.050000000000009,1.333514480448315,0.8666666666663332,3.600000000000364,1.9786666666666497,1.1880142161513283,0.8666666666665606,3.733333333333576,0.05648547355033424,type2_lower
blade3_flow_x_abs_p95,4.7423803523182855,0.7621333444946722,3.4067067503929085,6.6957211732864375,4.7049727020263665,0.5634330274597132,3.616011238098144,5.985415148735046,0.055816648759231736,type2_lower
blade2_sequence_pos_cst_neg,0.5833333333333334,0.5036101551853348,0.0,1.0,0.56,0.5066228051190221,0.0,1.0,0.046193760246944084,type2_lower
blade3_magnitude_max,7.86914587020874,0.9395719103264927,6.095065116882324,9.33110809326172,7.874820365905761,1.4892666859430315,5.637007713317871,11.789066314697266,0.004557342298467437,type2_higher
blade3_sequence_pos_cst_neg,0.0,0.0,0.0,0.0,0.0,0.0,0.0,0.0,0.0,type2_lower
