slot,gt_start_sec,gt_end_sec,matched,detected_event_id,cst_peak_sec,time_error_sec,clip_start_sec,clip_end_sec
1,471.0,476.0,True,3,473.9333333333333,0.4333333333332803,472.23333333333335,475.3666666666667
2,651.0,657.0,True,6,655.4,1.3999999999999773,653.7,656.8333333333334
3,752.0,760.0,True,9,758.2,2.2000000000000455,756.4333333333333,759.5666666666667
4,847.0,854.0,True,12,852.8666666666667,2.3666666666666742,851.1,854.3
5,1121.0,1128.0,True,15,1126.2,1.7000000000000455,1124.4333333333334,1127.6333333333334
6,1226.0,1231.0,True,18,1229.1333333333334,0.6333333333334394,1227.3666666666666,1230.5666666666666
7,1324.0,1329.0,True,21,1327.0666666666666,0.566666666666606,1325.2333333333331,1328.5
8,1594.0,1599.0,True,24,1597.5333333333333,1.033333333333303,1595.6333333333334,1598.9
9,1706.0,1709.0,True,27,1707.8,0.2999999999999545,1706.1,1709.2333333333331
10,1791.0,1795.0,True,30,1793.1333333333334,0.13333333333343944,1791.2333333333331,1794.5
11,2087.0,2090.0,True,33,2088.866666666667,0.36666666666678793,2087.0333333333333,2090.233333333333
12,2286.0,2290.0,True,36,2288.5333333333333,0.533333333333303,2286.766666666667,2289.9666666666667
13,2456.0,2459.0,True,39,2457.866666666667,0.36666666666678793,2455.9666666666667,2459.3
14,2619.0,2624.0,True,42,2622.4,0.900000000000091,2620.5666666666666,2623.833333333333
15,2998.0,3002.0,True,45,3000.6666666666665,0.6666666666665151,2998.9,3002.1
16,3116.0,3120.0,True,48,3118.0,0.0,3116.233333333333,3119.4333333333334
17,3214.0,3217.0,True,51,3215.8,0.3000000000001819,3214.0333333333333,3217.233333333333
18,3376.0,3381.0,True,54,3378.9333333333334,0.43333333333339397,3377.0333333333333,3380.366666666667
19,3494.0,3497.0,True,57,3495.733333333333,0.23333333333312112,3493.9666666666667,3497.1666666666665
20,3595.0,3598.0,True,60,3596.8,0.3000000000001819,3595.1,3598.3
21,3745.0,3749.0,True,63,3747.133333333333,0.13333333333321207,3745.433333333333,3748.633333333333
22,3870.0,3874.0,True,66,3872.266666666667,0.2666666666668789,3870.5,3873.7
23,4009.0,4013.0,True,69,4011.4666666666662,0.46666666666624224,4009.766666666667,4013.233333333333
24,4238.0,4242.0,True,70,4240.0,0.0,4238.233333333334,4241.7
25,4345.0,4349.0,True,71,4346.6,-0.3999999999996362,4344.766666666666,4348.3
