image,status,gray_score,gray_x,gray_y,gray_pass,gray_dx,gray_dy,gray_distance,gray_location_consistent,clahe_score,clahe_x,clahe_y,clahe_pass,clahe_dx,clahe_dy,clahe_distance,clahe_location_consistent,gradient_score,gradient_x,gradient_y,gradient_pass,gradient_dx,gradient_dy,gradient_distance,gradient_location_consistent,clahe_score_delta,gradient_score_delta
type2_001_measurement.jpg,ok,0.897183895111084,100,402,True,0,0,0.0,True,0.8754309415817261,100,402,True,0,0,0.0,True,0.8043872117996216,100,402,True,0,0,0.0,True,-0.02175295352935791,-0.0927966833114624
type2_002_measurement.jpg,ok,0.949980616569519,107,403,True,0,0,0.0,True,0.9179620146751404,106,403,True,-1,0,1.0,True,0.8991722464561462,107,403,True,0,0,0.0,True,-0.03201860189437866,-0.0508083701133728
type2_003_measurement.jpg,ok,0.9551544189453125,102,402,True,0,0,0.0,True,0.9216951727867126,101,402,True,-1,0,1.0,True,0.8973337411880493,102,402,True,0,0,0.0,True,-0.033459246158599854,-0.057820677757263184
type2_004_measurement.jpg,ok,0.9759314656257629,101,402,True,0,0,0.0,True,0.9488774538040161,101,402,True,0,0,0.0,True,0.9099847078323364,101,402,True,0,0,0.0,True,-0.027054011821746826,-0.06594675779342651
type2_005_measurement.jpg,ok,0.9831547737121582,101,402,True,0,0,0.0,True,0.9571254849433899,101,402,True,0,0,0.0,True,0.9276078939437866,101,402,True,0,0,0.0,True,-0.02602928876876831,-0.05554687976837158
type2_006_measurement.jpg,ok,0.9891510605812073,101,402,True,0,0,0.0,True,0.963809609413147,101,402,True,0,0,0.0,True,0.9458499550819397,101,402,True,0,0,0.0,True,-0.025341451168060303,-0.04330110549926758
type2_007_measurement.jpg,ok,0.9765453934669495,103,402,True,0,0,0.0,True,0.9440922737121582,103,402,True,0,0,0.0,True,0.9260252118110657,103,402,True,0,0,0.0,True,-0.03245311975479126,-0.05052018165588379
type2_008_measurement.jpg,ok,0.9380548000335693,113,403,True,0,0,0.0,True,0.8948124647140503,113,403,True,0,0,0.0,True,0.8422693610191345,113,403,True,0,0,0.0,True,-0.04324233531951904,-0.09578543901443481
type2_009_measurement.jpg,ok,0.9781107902526855,101,402,True,0,0,0.0,True,0.9506945610046387,101,402,True,0,0,0.0,True,0.927794873714447,101,402,True,0,0,0.0,True,-0.027416229248046875,-0.050315916538238525
type2_010_measurement.jpg,ok,0.9523621201515198,109,403,True,0,0,0.0,True,0.91300368309021,109,403,True,0,0,0.0,True,0.8795572519302368,109,403,True,0,0,0.0,True,-0.039358437061309814,-0.07280486822128296
type2_011_measurement.jpg,ok,0.9655336141586304,108,403,True,0,0,0.0,True,0.9256556034088135,107,403,True,-1,0,1.0,True,0.9085036516189575,109,403,True,1,0,1.0,True,-0.039878010749816895,-0.05702996253967285
type2_012_measurement.jpg,ok,0.9779898524284363,101,402,True,0,0,0.0,True,0.9565096497535706,101,402,True,0,0,0.0,True,0.8929747939109802,100,402,True,-1,0,1.0,True,-0.021480202674865723,-0.08501505851745605
type2_013_measurement.jpg,ok,0.9584744572639465,107,403,True,0,0,0.0,True,0.9276572465896606,106,403,True,-1,0,1.0,True,0.9064146280288696,108,403,True,1,0,1.0,True,-0.03081721067428589,-0.052059829235076904
type2_014_measurement.jpg,ok,0.9828677773475647,102,402,True,0,0,0.0,True,0.9604710936546326,102,402,True,0,0,0.0,True,0.9322169423103333,101,402,True,-1,0,1.0,True,-0.02239668369293213,-0.050650835037231445
type2_015_measurement.jpg,ok,0.9991363286972046,100,402,True,0,0,0.0,True,0.9850629568099976,100,402,True,0,0,0.0,True,0.9659202098846436,100,402,True,0,0,0.0,True,-0.014073371887207031,-0.033216118812561035
type2_016_measurement.jpg,ok,0.9938682913780212,100,402,True,0,0,0.0,True,0.974311113357544,100,402,True,0,0,0.0,True,0.952872097492218,100,402,True,0,0,0.0,True,-0.019557178020477295,-0.04099619388580322
type2_017_measurement.jpg,ok,0.9892014861106873,102,402,True,0,0,0.0,True,0.9687227010726929,102,402,True,0,0,0.0,True,0.9462677836418152,102,402,True,0,0,0.0,True,-0.020478785037994385,-0.04293370246887207
type2_018_measurement.jpg,ok,0.9590675234794617,107,403,True,0,0,0.0,True,0.9266705513000488,107,403,True,0,0,0.0,True,0.8618590235710144,106,402,True,-1,-1,1.4142135623730951,True,-0.03239697217941284,-0.09720849990844727
type2_019_measurement.jpg,ok,0.9929519891738892,102,402,True,0,0,0.0,True,0.9734179973602295,102,402,True,0,0,0.0,True,0.9487590193748474,102,402,True,0,0,0.0,True,-0.019533991813659668,-0.04419296979904175
type2_020_measurement.jpg,ok,0.9639835953712463,103,402,True,0,0,0.0,True,0.9370473623275757,102,402,True,-1,0,1.0,True,0.9067066311836243,104,402,True,1,0,1.0,True,-0.026936233043670654,-0.05727696418762207
type2_021_measurement.jpg,ok,0.9556382894515991,104,403,True,0,0,0.0,True,0.9209036231040955,103,402,True,-1,-1,1.4142135623730951,True,0.8737349510192871,104,402,True,0,-1,1.0,True,-0.03473466634750366,-0.08190333843231201
type2_022_measurement.jpg,ok,0.9366040825843811,103,402,True,0,0,0.0,True,0.9102451205253601,103,402,True,0,0,0.0,True,0.9071635007858276,103,402,True,0,0,0.0,True,-0.026358962059020996,-0.029440581798553467
type2_023_measurement.jpg,ok,0.7169433236122131,106,402,True,0,0,0.0,True,0.7548116445541382,106,402,True,0,0,0.0,True,0.641804575920105,105,402,False,-1,0,1.0,True,0.03786832094192505,-0.07513874769210815
type2_024_measurement.jpg,ok,0.5589523911476135,109,402,False,0,0,0.0,True,0.629680871963501,101,402,False,-8,0,8.0,True,0.5611752867698669,101,402,False,-8,0,8.0,True,0.07072848081588745,0.002222895622253418
type2_025_measurement.jpg,ok,0.3139764666557312,115,403,False,0,0,0.0,True,0.43420058488845825,97,402,False,-18,-1,18.027756377319946,False,0.34363582730293274,97,402,False,-18,-1,18.027756377319946,False,0.12022411823272705,0.029659360647201538
