clip,fps,frame_count,status,cst_peak_frame,cst_peak_sec,cst_peak_dy,blade_reference_frame,out_threshold,blade_out_start_frame,blade_out_start_sec,blade_out_change_ratio,blade_out_temporal_ratio,blade_out_growth,measurement_frame_idx,measurement_sec,measurement_cst_dy,measurement_change_ratio,measurement_image,comparison_image
type2_001.mp4,15.0,49,ok,26,1.7333333333333334,-4.9009253403170305,25,0.24964976183804988,29,1.9333333333333333,0.27292558940079253,0.11331705559780651,0.05435696273465959,28,1.8666666666666667,-4.019371273096624,0.24210463114918143,output\05_select_measurement_frame\v2\measurement_frames\type2_001_measurement.jpg,output\05_select_measurement_frame\v2\comparison\type2_001_comparison.jpg
type2_002.mp4,15.0,49,ok,27,1.8,-5.153483751199644,26,0.5827162470479926,36,2.4,0.6352519713405116,0.24218468558619863,0.11249649761838043,35,2.3333333333333335,0.5238359087977074,0.5706280270583998,output\05_select_measurement_frame\v2\measurement_frames\type2_002_measurement.jpg,output\05_select_measurement_frame\v2\comparison\type2_002_comparison.jpg
type2_003.mp4,15.0,49,ok,27,1.8,-5.066416370739546,26,0.6282271944922547,36,2.4,0.6490613617259736,0.2182484089180643,0.14119601328903653,35,2.3333333333333335,0.46562707899170164,0.5660248969299123,output\05_select_measurement_frame\v2\measurement_frames\type2_003_measurement.jpg,output\05_select_measurement_frame\v2\comparison\type2_003_comparison.jpg
type2_004.mp4,15.0,50,ok,27,1.8,-4.878453256312582,26,0.39558900052035384,30,2.0,0.43175359244286116,0.1916303086098547,0.08397710443101308,29,1.9333333333333333,-3.9606578531894456,0.3843413521194412,output\05_select_measurement_frame\v2\measurement_frames\type2_004_measurement.jpg,output\05_select_measurement_frame\v2\comparison\type2_004_comparison.jpg
type2_005.mp4,15.0,50,ok,27,1.8,-5.028658909322246,26,0.4855301605091462,31,2.066666666666667,0.4860104871312492,0.1709562502501701,0.061121562662610596,30,2.0,-2.8868938190968834,0.449505663851419,output\05_select_measurement_frame\v2\measurement_frames\type2_005_measurement.jpg,output\05_select_measurement_frame\v2\comparison\type2_005_comparison.jpg
type2_006.mp4,15.0,50,ok,27,1.8,-4.947018136808367,26,0.4949365568586639,33,2.2,0.49981987751671136,0.014710002801905295,0.011287675619421289,32,2.1333333333333333,-1.5359381063959177,0.4892526918304447,output\05_select_measurement_frame\v2\measurement_frames\type2_006_measurement.jpg,output\05_select_measurement_frame\v2\comparison\type2_006_comparison.jpg
type2_007.mp4,15.0,51,ok,28,1.8666666666666667,-4.95312772985983,27,0.5291998559020133,37,2.466666666666667,0.5626626105751912,0.17826121762798702,0.12940799743825804,36,2.4,0.3741290610217334,0.4935155906016091,output\05_select_measurement_frame\v2\measurement_frames\type2_007_measurement.jpg,output\05_select_measurement_frame\v2\comparison\type2_007_comparison.jpg
type2_008.mp4,15.0,51,ok,29,1.9333333333333333,-4.939518133585295,28,0.5512548533002442,38,2.533333333333333,0.5784733618860826,0.23187767682023777,0.13867429852299562,37,2.466666666666667,0.4950387188222294,0.5038826401953328,output\05_select_measurement_frame\v2\measurement_frames\type2_008_measurement.jpg,output\05_select_measurement_frame\v2\comparison\type2_008_comparison.jpg
type2_009.mp4,15.0,49,ok,26,1.7333333333333334,-4.966855363984962,25,0.38258015450506344,27,1.8,0.39472841532241926,0.25961653924668776,0.15672657407036783,26,1.7333333333333334,-4.966855363984962,0.2762278349277509,output\05_select_measurement_frame\v2\measurement_frames\type2_009_measurement.jpg,output\05_select_measurement_frame\v2\comparison\type2_009_comparison.jpg
type2_010.mp4,15.0,51,ok,29,1.9333333333333333,-4.946699124407246,28,0.573509986791018,38,2.533333333333333,0.58321658727935,0.23017652003362285,0.13671296481607498,37,2.466666666666667,0.44983740806185324,0.509226273866229,output\05_select_measurement_frame\v2\measurement_frames\type2_010_measurement.jpg,output\05_select_measurement_frame\v2\comparison\type2_010_comparison.jpg
type2_011.mp4,15.0,50,ok,28,1.8666666666666667,-5.12684709650847,27,0.5488131929712204,37,2.466666666666667,0.5776928311251651,0.1921906896689749,0.13074890925829563,36,2.4,0.4187027673300463,0.5102069407196894,output\05_select_measurement_frame\v2\measurement_frames\type2_011_measurement.jpg,output\05_select_measurement_frame\v2\comparison\type2_011_comparison.jpg
type2_012.mp4,15.0,50,ok,27,1.8,-5.001048113333127,26,0.5171916903494376,36,2.4,0.5407076812232318,0.14029540087259337,0.13317055597806504,35,2.3333333333333335,0.6040390477784854,0.480866989552896,output\05_select_measurement_frame\v2\measurement_frames\type2_012_measurement.jpg,output\05_select_measurement_frame\v2\comparison\type2_012_comparison.jpg
type2_013.mp4,15.0,52,ok,29,1.9333333333333333,-5.157365106540283,28,0.5808349677780891,39,2.6,0.6284273305847977,0.2888364087579554,0.11155585798342882,38,2.533333333333333,0.39025299958296955,0.5688268022255133,output\05_select_measurement_frame\v2\measurement_frames\type2_013_measurement.jpg,output\05_select_measurement_frame\v2\comparison\type2_013_comparison.jpg
type2_014.mp4,15.0,51,ok,28,1.8666666666666667,-5.08248224967042,27,0.5946043309450426,38,2.533333333333333,0.6541248048673097,0.3375095064643958,0.12058199575711481,37,2.466666666666667,0.4622318739311595,0.5867790097266141,output\05_select_measurement_frame\v2\measurement_frames\type2_014_measurement.jpg,output\05_select_measurement_frame\v2\comparison\type2_014_comparison.jpg
type2_015.mp4,15.0,50,ok,27,1.8,-5.030817241501495,26,0.5455309610535164,37,2.466666666666667,0.6015090261377737,0.2359604531081135,0.11880078453348275,36,2.4,0.46661695413780535,0.5335027818916863,output\05_select_measurement_frame\v2\measurement_frames\type2_015_measurement.jpg,output\05_select_measurement_frame\v2\comparison\type2_015_comparison.jpg
type2_016.mp4,15.0,50,ok,27,1.8,-4.944775015293885,26,0.5851178801585077,37,2.466666666666667,0.6328503382299964,0.2320577993035264,0.1311291678341272,36,2.4,0.4090845867007147,0.5609614537885762,output\05_select_measurement_frame\v2\measurement_frames\type2_016_measurement.jpg,output\05_select_measurement_frame\v2\comparison\type2_016_comparison.jpg
type2_017.mp4,15.0,50,ok,27,1.8,-5.002908417035485,26,0.53580434695593,36,2.4,0.571668734739623,0.1667533923067686,0.12426449985990473,35,2.3333333333333335,0.3793004058742895,0.5079053756554457,output\05_select_measurement_frame\v2\measurement_frames\type2_017_measurement.jpg,output\05_select_measurement_frame\v2\comparison\type2_017_comparison.jpg
type2_018.mp4,15.0,52,ok,29,1.9333333333333333,-5.016062404852903,28,0.6009686586879078,38,2.533333333333333,0.6009686586879078,0.19201056718568627,0.1415162310371053,37,2.466666666666667,0.3430042017796495,0.5338630268582636,output\05_select_measurement_frame\v2\measurement_frames\type2_018_measurement.jpg,output\05_select_measurement_frame\v2\comparison\type2_018_comparison.jpg
type2_019.mp4,15.0,50,ok,27,1.8,-4.878185949042404,26,0.5215546571668734,36,2.4,0.5499939959172238,0.13673297842532922,0.1144178041067927,35,2.3333333333333335,0.42967265663969556,0.5016811431773606,output\05_select_measurement_frame\v2\measurement_frames\type2_019_measurement.jpg,output\05_select_measurement_frame\v2\comparison\type2_019_comparison.jpg
type2_020.mp4,15.0,50,ok,26,1.7333333333333334,-5.131614824567578,25,0.4509866709362366,29,1.9333333333333333,0.4854901332906376,0.21010286995156707,0.07775287195292802,28,1.8666666666666667,-3.932726298364912,0.44364167633991114,output\05_select_measurement_frame\v2\measurement_frames\type2_020_measurement.jpg,output\05_select_measurement_frame\v2\comparison\type2_020_comparison.jpg
type2_021.mp4,15.0,50,ok,26,1.7333333333333334,-5.175483777797751,25,0.43909858703918664,28,1.8666666666666667,0.4482648200776528,0.2218708721930913,0.08473762158267623,27,1.8,-4.621645480735765,0.40171316495216747,output\05_select_measurement_frame\v2\measurement_frames\type2_021_measurement.jpg,output\05_select_measurement_frame\v2\comparison\type2_021_comparison.jpg
type2_022.mp4,15.0,50,ok,27,1.8,-5.090751069735177,26,0.5619421206420366,37,2.466666666666667,0.6218428531401353,0.2137253332265941,0.11509826682143864,36,2.4,0.38244420062363815,0.5606212224312532,output\05_select_measurement_frame\v2\measurement_frames\type2_022_measurement.jpg,output\05_select_measurement_frame\v2\comparison\type2_022_comparison.jpg
type2_023.mp4,15.0,54,ok,26,1.7333333333333334,-5.10252133455333,25,0.3400312212304367,27,1.8,0.42314774046351517,0.24406596485610216,0.15542568946883883,26,1.7333333333333334,-5.10252133455333,0.3093503582436056,output\05_select_measurement_frame\v2\measurement_frames\type2_023_measurement.jpg,output\05_select_measurement_frame\v2\comparison\type2_023_comparison.jpg
type2_024.mp4,15.0,54,ok,27,1.8,-5.111106320043973,26,0.44158027458671895,32,2.1333333333333333,0.44662370411880076,0.11635912420445903,0.02819917543929873,31,2.066666666666667,-2.366215468022176,0.4223872233118521,output\05_select_measurement_frame\v2\measurement_frames\type2_024_measurement.jpg,output\05_select_measurement_frame\v2\comparison\type2_024_comparison.jpg
type2_025.mp4,15.0,55,ok,28,1.8666666666666667,-5.055338027590949,27,0.5086658928071088,37,2.466666666666667,0.5549373574030341,0.13797382219909538,0.09976784213265022,36,2.4,0.44898527787478315,0.4985590201336909,output\05_select_measurement_frame\v2\measurement_frames\type2_025_measurement.jpg,output\05_select_measurement_frame\v2\comparison\type2_025_comparison.jpg
